,Time(s),RNA,Protein
0,0.0,0.0,0.0
1,64.8648648649,0.648648648649,2.1037253514
2,129.72972973,1.2972972973,8.41490139818
3,194.594594595,1.94594594595,18.9335281353
4,259.459459459,2.59459459459,33.6596055791
5,324.324324324,3.24324324324,52.5931337178
6,389.189189189,3.89189189189,75.7341125493
7,454.054054054,4.54054054054,103.082542073
8,518.918918919,5.18918918919,134.63842229
9,583.783783784,5.83783783784,170.4017532
10,648.648648649,6.48648648649,210.372534802
11,713.513513514,7.13513513514,254.550767097
12,778.378378378,7.78378378378,302.936450085
13,843.243243243,8.43243243243,355.529583766
14,908.108108108,9.08108108108,412.330168139
15,972.972972973,9.72972972973,473.338203205
16,1037.83783784,10.3783783784,538.553688964
17,1102.7027027,11.027027027,607.976625415
18,1167.56756757,11.6756756757,681.60701257
19,1232.43243243,12.3243243243,759.44485045
20,1297.2972973,12.972972973,841.490139024
21,1362.16216216,13.6216216216,927.742878291
22,1427.02702703,14.2702702703,1018.20306825
23,1491.89189189,14.9189189189,1112.87070891
24,1556.75675676,15.5675675676,1211.74580025
25,1621.62162162,16.2162162162,1314.8283423
26,1686.48648649,16.8648648649,1422.11833503
27,1751.35135135,17.5135135135,1533.61577846
28,1816.21621622,18.1621621622,1649.32067258
29,1881.08108108,18.8108108108,1769.2330174
30,1945.94594595,19.4594594595,1893.35281291
31,2010.81081081,20.1081081081,2021.68005911
32,2075.67567568,20.7567567568,2154.21475601
33,2140.54054054,21.4054054054,2290.9569036
34,2205.40540541,22.0540540541,2431.90650188
35,2270.27027027,22.7027027027,2577.06355086
36,2335.13513514,23.3513513514,2726.42805053
37,2400.0,24.0,2880.00000089
38,2464.86486486,24.6486486486,3037.77940195
39,2529.72972973,25.2972972973,3199.7662537
40,2594.59459459,25.9459459459,3365.96055614
41,2659.45945946,26.5945945946,3536.36230928
42,2724.32432432,27.2432432432,3710.97151311
43,2789.18918919,27.8918918919,3889.78816764
44,2854.05405405,28.5405405405,4072.81227286
45,2918.91891892,29.1891891892,4260.04382877
46,2983.78378378,29.8378378378,4451.48283538
47,3048.64864865,30.4864864865,4647.12929267
48,3113.51351351,31.1351351351,4846.98320067
49,3178.37837838,31.7837837838,5051.04455935
50,3243.24324324,32.4324324324,5259.31336873
51,3308.10810811,33.0810810811,5471.78962881
52,3372.97297297,33.7297297297,5688.47333957
53,3437.83783784,34.3783783784,5909.36450104
54,3502.7027027,35.027027027,6134.46311319
55,3567.56756757,35.6756756757,6363.76917604
56,3632.43243243,36.3243243243,6597.28268958
57,3697.2972973,36.972972973,6835.00365381
58,3762.16216216,37.6216216216,7076.93206874
59,3827.02702703,38.2702702703,7323.06793436
60,3891.89189189,38.9189189189,7573.41125068
61,3956.75675676,39.5675675676,7827.96201769
62,4021.62162162,40.2162162162,8086.72023539
63,4086.48648649,40.8648648649,8349.68590378
64,4151.35135135,41.5135135135,8616.85902287
65,4216.21621622,42.1621621622,8888.23959266
66,4281.08108108,42.8108108108,9163.82761313
67,4345.94594595,43.4594594595,9443.6230843
68,4410.81081081,44.1081081081,9727.62600617
69,4475.67567568,44.7567567568,10015.8363787
70,4540.54054054,45.4054054054,10308.254202
71,4605.40540541,46.0540540541,10604.8794759
72,4670.27027027,46.7027027027,10905.7122006
73,4735.13513514,47.3513513514,11210.7523759
74,4800.0,48.0,11520.0000019
75,4864.86486486,48.6486486486,11833.4550786
76,4929.72972973,49.2972972973,12151.117606
77,4994.59459459,49.9459459459,12472.9875841
78,5059.45945946,50.5945945946,12799.0650129
79,5124.32432432,51.2432432432,13129.3498924
80,5189.18918919,51.8918918919,13463.8422226
81,5254.05405405,52.5405405405,13802.5420035
82,5318.91891892,53.1891891892,14145.4492351
83,5383.78378378,53.8378378378,14492.5639173
84,5448.64864865,54.4864864865,14843.8860503
85,5513.51351351,55.1351351351,15199.415634
86,5578.37837838,55.7837837838,15559.1526683
87,5643.24324324,56.4324324324,15923.0971533
88,5708.10810811,57.0810810811,16291.2490891
89,5772.97297297,57.7297297297,16663.6084755
90,5837.83783784,58.3783783784,17040.1753126
91,5902.7027027,59.027027027,17420.9496004
92,5967.56756757,59.6756756757,17805.931339
93,6032.43243243,60.3243243243,18195.1205282
94,6097.2972973,60.972972973,18588.5171681
95,6162.16216216,61.6216216216,18986.1212586
96,6227.02702703,62.2702702703,19387.9327999
97,6291.89189189,62.9189189189,19793.9517919
98,6356.75675676,63.5675675676,20204.1782346
99,6421.62162162,64.2162162162,20618.6121279
100,6486.48648649,64.8648648649,21037.253472
101,6551.35135135,65.5135135135,21460.1022667
102,6616.21621622,66.1621621622,21887.1585122
103,6681.08108108,66.8108108108,22318.4222083
104,6745.94594595,67.4594594595,22753.8933551
105,6810.81081081,68.1081081081,23193.5719527
106,6875.67567568,68.7567567568,23637.4580009
107,6940.54054054,69.4054054054,24085.5514998
108,7005.40540541,70.0540540541,24537.8524494
109,7070.27027027,70.7027027027,24994.3608497
110,7135.13513514,71.3513513514,25455.0767007
111,7200.0,72.0,25920.0000024
112,7264.86486486,72.6486486486,26389.1307548
113,7329.72972973,73.2972972973,26862.4689578
114,7394.59459459,73.9459459459,27340.0146116
115,7459.45945946,74.5945945946,27821.7677161
116,7524.32432432,75.2432432432,28307.7282712
117,7589.18918919,75.8918918919,28797.8962771
118,7654.05405405,76.5405405405,29292.2717336
119,7718.91891892,77.1891891892,29790.8546408
120,7783.78378378,77.8378378378,30293.6449988
121,7848.64864865,78.4864864865,30800.6428074
122,7913.51351351,79.1351351351,31311.8480667
123,7978.37837838,79.7837837838,31827.2607767
124,8043.24324324,80.4324324324,32346.8809374
125,8108.10810811,81.0810810811,32870.7085489
126,8172.97297297,81.7297297297,33398.7436111
127,8237.83783784,82.3783783784,33930.986124
128,8302.7027027,83.027027027,34467.4360876
129,8367.56756757,83.6756756757,35008.0935019
130,8432.43243243,84.3243243243,35552.9583669
131,8497.2972973,84.972972973,36102.0306826
132,8562.16216216,85.6216216216,36655.310449
133,8627.02702703,86.2702702703,37212.7976661
134,8691.89189189,86.9189189189,37774.4923338
135,8756.75675676,87.5675675676,38340.3944523
136,8821.62162162,88.2162162162,38910.5040214
137,8886.48648649,88.8648648649,39484.8210413
138,8951.35135135,89.5135135135,40063.3455118
139,9016.21621622,90.1621621622,40646.0774331
140,9081.08108108,90.8108108108,41233.016805
141,9145.94594595,91.4594594595,41824.1636276
142,9210.81081081,92.1081081081,42419.5179009
143,9275.67567568,92.7567567568,43019.0796249
144,9340.54054054,93.4054054054,43622.8487996
145,9405.40540541,94.0540540541,44230.825425
146,9470.27027027,94.7027027027,44843.0095011
147,9535.13513514,95.3513513514,45459.4010279
148,9600.0,96.0,46080.0000054
149,9664.86486486,96.6486486486,46704.8064336
150,9729.72972973,97.2972972973,47333.8203124
151,9794.59459459,97.9459459459,47967.041642
152,9859.45945946,98.5945945946,48604.4704223
153,9924.32432432,99.2432432432,49246.1066532
154,9989.18918919,99.8918918919,49891.9503348
155,10054.0540541,100.540540541,50542.0014672
156,10118.9189189,101.189189189,51196.2600502
157,10183.7837838,101.837837838,51854.7260839
158,10248.6486486,102.486486486,52517.3995684
159,10313.5135135,103.135135135,53184.2805035
160,10378.3783784,103.783783784,53855.3688893
161,10443.2432432,104.432432432,54530.6647258
162,10508.1081081,105.081081081,55210.168013
163,10572.972973,105.72972973,55893.8787508
164,10637.8378378,106.378378378,56581.7969394
165,10702.7027027,107.027027027,57273.9225787
166,10767.5675676,107.675675676,57970.2556687
167,10832.4324324,108.324324324,58670.7962093
168,10897.2972973,108.972972973,59375.5442007
169,10962.1621622,109.621621622,60084.4996427
170,11027.027027,110.27027027,60797.6625355
171,11091.8918919,110.918918919,61515.0328789
172,11156.7567568,111.567567568,62236.610673
173,11221.6216216,112.216216216,62962.3959179
174,11286.4864865,112.864864865,63692.3886134
175,11351.3513514,113.513513514,64426.5887596
176,11416.2162162,114.162162162,65164.9963565
177,11481.0810811,114.810810811,65907.6114041
178,11545.9459459,115.459459459,66654.4339024
179,11610.8108108,116.108108108,67405.4638514
180,11675.6756757,116.756756757,68160.7012511
181,11740.5405405,117.405405405,68920.1461014
182,11805.4054054,118.054054054,69683.7984025
183,11870.2702703,118.702702703,70451.6581543
184,11935.1351351,119.351351351,71223.7253567
185,12000.0,120.0,72000.0000099
186,12064.8648649,120.648648649,72780.4821137
187,12129.7297297,121.297297297,73565.1716683
188,12194.5945946,121.945945946,74354.0686735
189,12259.4594595,122.594594595,75147.1731294
190,12324.3243243,123.243243243,75944.485036
191,12389.1891892,123.891891892,76746.0043934
192,12454.0540541,124.540540541,77551.7312014
193,12518.9189189,125.189189189,78361.6654601
194,12583.7837838,125.837837838,79175.8071695
195,12648.6486486,126.486486486,79994.1563295
196,12713.5135135,127.135135135,80816.7129403
197,12778.3783784,127.783783784,81643.4770018
198,12843.2432432,128.432432432,82474.448514
199,12908.1081081,129.081081081,83309.6274768
200,12972.972973,129.72972973,84149.0138904
201,13037.8378378,130.378378378,84992.6077546
202,13102.7027027,131.027027027,85840.4090696
203,13167.5675676,131.675675676,86692.4178352
204,13232.4324324,132.324324324,87548.6340516
205,13297.2972973,132.972972973,88409.0577186
206,13362.1621622,133.621621622,89273.6888363
207,13427.027027,134.27027027,90142.5274047
208,13491.8918919,134.918918919,91015.5734238
209,13556.7567568,135.567567568,91892.8268936
210,13621.6216216,136.216216216,92774.2878141
211,13686.4864865,136.864864865,93659.9561853
212,13751.3513514,137.513513514,94549.8320072
213,13816.2162162,138.162162162,95443.9152798
214,13881.0810811,138.810810811,96342.206003
215,13945.9459459,139.459459459,97244.704177
216,14010.8108108,140.108108108,98151.4098017
217,14075.6756757,140.756756757,99062.322877
218,14140.5405405,141.405405405,99977.4434031
219,14205.4054054,142.054054054,100896.77138
220,14270.2702703,142.702702703,101820.306807
221,14335.1351351,143.351351351,102748.049685
222,14400.0,144.0,103680.000014
223,14464.8648649,144.648648649,104616.157794
224,14529.7297297,145.297297297,105556.523024
225,14594.5945946,145.945945946,106501.095705
226,14659.4594595,146.594594595,107449.875836
227,14724.3243243,147.243243243,108402.863419
228,14789.1891892,147.891891892,109360.058452
229,14854.0540541,148.540540541,110321.460935
230,14918.9189189,149.189189189,111287.07087
231,14983.7837838,149.837837838,112256.888255
232,15048.6486486,150.486486486,113230.913091
233,15113.5135135,151.135135135,114209.145377
234,15178.3783784,151.783783784,115191.585114
235,15243.2432432,152.432432432,116178.232302
236,15308.1081081,153.081081081,117169.086941
237,15372.972973,153.72972973,118164.14903
238,15437.8378378,154.378378378,119163.41857
239,15502.7027027,155.027027027,120166.89556
240,15567.5675676,155.675675676,121174.580002
241,15632.4324324,156.324324324,122186.471894
242,15697.2972973,156.972972973,123202.571236
243,15762.1621622,157.621621622,124222.87803
244,15827.027027,158.27027027,125247.392274
245,15891.8918919,158.918918919,126276.113969
246,15956.7567568,159.567567568,127309.043114
247,16021.6216216,160.216216216,128346.17971
248,16086.4864865,160.864864865,129387.523757
249,16151.3513514,161.513513514,130433.075255
250,16216.2162162,162.162162162,131482.834203
251,16281.0810811,162.810810811,132536.800602
252,16345.9459459,163.459459459,133594.974451
253,16410.8108108,164.108108108,134657.355752
254,16475.6756757,164.756756757,135723.944503
255,16540.5405405,165.405405405,136794.740704
256,16605.4054054,166.054054054,137869.744357
257,16670.2702703,166.702702703,138948.95546
258,16735.1351351,167.351351351,140032.374014
259,16800.0,168.0,141120.000018
260,16864.8648649,168.648648649,142211.833473
261,16929.7297297,169.297297297,143307.874379
262,16994.5945946,169.945945946,144408.122736
263,17059.4594595,170.594594595,145512.578543
264,17124.3243243,171.243243243,146621.241801
265,17189.1891892,171.891891892,147734.11251
266,17254.0540541,172.540540541,148851.190669
267,17318.9189189,173.189189189,149972.476279
268,17383.7837838,173.837837838,151097.96934
269,17448.6486486,174.486486486,152227.669851
270,17513.5135135,175.135135135,153361.577813
271,17578.3783784,175.783783784,154499.693226
272,17643.2432432,176.432432432,155642.01609
273,17708.1081081,177.081081081,156788.546404
274,17772.972973,177.72972973,157939.284169
275,17837.8378378,178.378378378,159094.229385
276,17902.7027027,179.027027027,160253.382051
277,17967.5675676,179.675675676,161416.742168
278,18032.4324324,180.324324324,162584.309735
279,18097.2972973,180.972972973,163756.084754
280,18162.1621622,181.621621622,164932.067223
281,18227.027027,182.27027027,166112.257143
282,18291.8918919,182.918918919,167296.654513
283,18356.7567568,183.567567568,168485.259334
284,18421.6216216,184.216216216,169678.071606
285,18486.4864865,184.864864865,170875.091329
286,18551.3513514,185.513513514,172076.318502
287,18616.2162162,186.162162162,173281.753126
288,18681.0810811,186.810810811,174491.3952
289,18745.9459459,187.459459459,175705.244726
290,18810.8108108,188.108108108,176923.301702
291,18875.6756757,188.756756757,178145.566128
292,18940.5405405,189.405405405,179372.038006
293,19005.4054054,190.054054054,180602.717334
294,19070.2702703,190.702702703,181837.604113
295,19135.1351351,191.351351351,183076.698342
296,19200.0,192.0,184320.000022
297,19264.8648649,192.648648649,185567.509153
298,19329.7297297,193.297297297,186819.225735
299,19394.5945946,193.945945946,188075.149767
300,19459.4594595,194.594594595,189335.28125
301,19524.3243243,195.243243243,190599.620183
302,19589.1891892,195.891891892,191868.166568
303,19654.0540541,196.540540541,193140.920403
304,19718.9189189,197.189189189,194417.881689
305,19783.7837838,197.837837838,195699.050425
306,19848.6486486,198.486486486,196984.426612
307,19913.5135135,199.135135135,198274.01025
308,19978.3783784,199.783783784,199567.801338
309,20043.2432432,200.432432432,200865.799877
310,20108.1081081,201.081081081,202168.005867
311,20172.972973,201.72972973,203474.419308
312,20237.8378378,202.378378378,204785.040199
313,20302.7027027,203.027027027,206099.868541
314,20367.5675676,203.675675676,207418.904334
315,20432.4324324,204.324324324,208742.147577
316,20497.2972973,204.972972973,210069.598271
317,20562.1621622,205.621621622,211401.256416
318,20627.027027,206.27027027,212737.122011
319,20691.8918919,206.918918919,214077.195057
320,20756.7567568,207.567567568,215421.475554
321,20821.6216216,208.216216216,216769.963502
322,20886.4864865,208.864864865,218122.6589
323,20951.3513514,209.513513514,219479.561749
324,21016.2162162,210.162162162,220840.672048
325,21081.0810811,210.810810811,222205.989799
326,21145.9459459,211.459459459,223575.515
327,21210.8108108,212.108108108,224949.247651
328,21275.6756757,212.756756757,226327.187754
329,21340.5405405,213.405405405,227709.335307
330,21405.4054054,214.054054054,229095.690311
331,21470.2702703,214.702702703,230486.252765
332,21535.1351351,215.351351351,231881.02267
333,21600.0,216.0,233280.000026
334,21664.8648649,216.648648649,234683.184833
335,21729.7297297,217.297297297,236090.57709
336,21794.5945946,217.945945946,237502.176798
337,21859.4594595,218.594594595,238917.983956
338,21924.3243243,219.243243243,240337.998566
339,21989.1891892,219.891891892,241762.220626
340,22054.0540541,220.540540541,243190.650136
341,22118.9189189,221.189189189,244623.287098
342,22183.7837838,221.837837838,246060.13151
343,22248.6486486,222.486486486,247501.183372
344,22313.5135135,223.135135135,248946.442686
345,22378.3783784,223.783783784,250395.90945
346,22443.2432432,224.432432432,251849.583665
347,22508.1081081,225.081081081,253307.46533
348,22572.972973,225.72972973,254769.554447
349,22637.8378378,226.378378378,256235.851014
350,22702.7027027,227.027027027,257706.355031
351,22767.5675676,227.675675676,259181.0665
352,22832.4324324,228.324324324,260659.985419
353,22897.2972973,228.972972973,262143.111788
354,22962.1621622,229.621621622,263630.445609
355,23027.027027,230.27027027,265121.98688
356,23091.8918919,230.918918919,266617.735602
357,23156.7567568,231.567567568,268117.691774
358,23221.6216216,232.216216216,269621.855397
359,23286.4864865,232.864864865,271130.226471
360,23351.3513514,233.513513514,272642.804996
361,23416.2162162,234.162162162,274159.590971
362,23481.0810811,234.810810811,275680.584397
363,23545.9459459,235.459459459,277205.785274
364,23610.8108108,236.108108108,278735.193601
365,23675.6756757,236.756756757,280268.809379
366,23740.5405405,237.405405405,281806.632608
367,23805.4054054,238.054054054,283348.663287
368,23870.2702703,238.702702703,284894.901417
369,23935.1351351,239.351351351,286445.346998
370,24000.0,240.0,288000.00003
371,24064.8648649,240.648648649,289558.860512
372,24129.7297297,241.297297297,291121.928445
373,24194.5945946,241.945945946,292689.203828
374,24259.4594595,242.594594595,294260.686662
375,24324.3243243,243.243243243,295836.376947
376,24389.1891892,243.891891892,297416.274683
377,24454.0540541,244.540540541,299000.379869
378,24518.9189189,245.189189189,300588.692507
379,24583.7837838,245.837837838,302181.212594
380,24648.6486486,246.486486486,303777.940133
381,24713.5135135,247.135135135,305378.875122
382,24778.3783784,247.783783784,306984.017562
383,24843.2432432,248.432432432,308593.367452
384,24908.1081081,249.081081081,310206.924793
385,24972.972973,249.72972973,311824.689585
386,25037.8378378,250.378378378,313446.661828
387,25102.7027027,251.027027027,315072.841521
388,25167.5675676,251.675675676,316703.228665
389,25232.4324324,252.324324324,318337.82326
390,25297.2972973,252.972972973,319976.625305
391,25362.1621622,253.621621622,321619.634801
392,25427.027027,254.27027027,323266.851748
393,25491.8918919,254.918918919,324918.276146
394,25556.7567568,255.567567568,326573.907994
395,25621.6216216,256.216216216,328233.747293
396,25686.4864865,256.864864865,329897.794042
397,25751.3513514,257.513513514,331566.048242
398,25816.2162162,258.162162162,333238.509893
399,25881.0810811,258.810810811,334915.178995
400,25945.9459459,259.459459459,336596.055547
401,26010.8108108,260.108108108,338281.13955
402,26075.6756757,260.756756757,339970.431004
403,26140.5405405,261.405405405,341663.929908
404,26205.4054054,262.054054054,343361.636263
405,26270.2702703,262.702702703,345063.550069
406,26335.1351351,263.351351351,346769.671326
407,26400.0,264.0,348480.000033
408,26464.8648649,264.648648649,350194.536191
409,26529.7297297,265.297297297,351913.279799
410,26594.5945946,265.945945946,353636.230859
411,26659.4594595,266.594594595,355363.389369
412,26724.3243243,267.243243243,357094.755329
413,26789.1891892,267.891891892,358830.328741
414,26854.0540541,268.540540541,360570.109603
415,26918.9189189,269.189189189,362314.097915
416,26983.7837838,269.837837838,364062.293679
417,27048.6486486,270.486486486,365814.696893
418,27113.5135135,271.135135135,367571.307558
419,27178.3783784,271.783783784,369332.125673
420,27243.2432432,272.432432432,371097.151239
421,27308.1081081,273.081081081,372866.384256
422,27372.972973,273.72972973,374639.824724
423,27437.8378378,274.378378378,376417.472642
424,27502.7027027,275.027027027,378199.328011
425,27567.5675676,275.675675676,379985.390831
426,27632.4324324,276.324324324,381775.661101
427,27697.2972973,276.972972973,383570.138822
428,27762.1621622,277.621621622,385368.823994
429,27827.027027,278.27027027,387171.716616
430,27891.8918919,278.918918919,388978.816689
431,27956.7567568,279.567567568,390790.124213
432,28021.6216216,280.216216216,392605.639188
433,28086.4864865,280.864864865,394425.361613
434,28151.3513514,281.513513514,396249.291489
435,28216.2162162,282.162162162,398077.428815
436,28281.0810811,282.810810811,399909.773593
437,28345.9459459,283.459459459,401746.325821
438,28410.8108108,284.108108108,403587.085499
439,28475.6756757,284.756756757,405432.052629
440,28540.5405405,285.405405405,407281.227209
441,28605.4054054,286.054054054,409134.60924
442,28670.2702703,286.702702703,410992.198721
443,28735.1351351,287.351351351,412853.995653
444,28800.0,288.0,414720.000036
445,28864.8648649,288.648648649,416590.21187
446,28929.7297297,289.297297297,418464.631154
447,28994.5945946,289.945945946,420343.257889
448,29059.4594595,290.594594595,422226.092074
449,29124.3243243,291.243243243,424113.133711
450,29189.1891892,291.891891892,426004.382798
451,29254.0540541,292.540540541,427899.839335
452,29318.9189189,293.189189189,429799.503324
453,29383.7837838,293.837837838,431703.374763
454,29448.6486486,294.486486486,433611.453653
455,29513.5135135,295.135135135,435523.739993
456,29578.3783784,295.783783784,437440.233784
457,29643.2432432,296.432432432,439360.935026
458,29708.1081081,297.081081081,441285.843719
459,29772.972973,297.72972973,443214.959862
460,29837.8378378,298.378378378,445148.283456
461,29902.7027027,299.027027027,447085.814501
462,29967.5675676,299.675675676,449027.552996
463,30032.4324324,300.324324324,450973.498942
464,30097.2972973,300.972972973,452923.652339
465,30162.1621622,301.621621622,454878.013186
466,30227.027027,302.27027027,456836.581484
467,30291.8918919,302.918918919,458799.357233
468,30356.7567568,303.567567568,460766.340433
469,30421.6216216,304.216216216,462737.531083
470,30486.4864865,304.864864865,464712.929184
471,30551.3513514,305.513513514,466692.534735
472,30616.2162162,306.162162162,468676.347737
473,30681.0810811,306.810810811,470664.36819
474,30745.9459459,307.459459459,472656.596094
475,30810.8108108,308.108108108,474653.031448
476,30875.6756757,308.756756757,476653.674253
477,30940.5405405,309.405405405,478658.524509
478,31005.4054054,310.054054054,480667.582216
479,31070.2702703,310.702702703,482680.847373
480,31135.1351351,311.351351351,484698.319981
481,31200.0,312.0,486720.000039
482,31264.8648649,312.648648649,488745.887548
483,31329.7297297,313.297297297,490775.982508
484,31394.5945946,313.945945946,492810.284919
485,31459.4594595,314.594594595,494848.79478
486,31524.3243243,315.243243243,496891.512092
487,31589.1891892,315.891891892,498938.436855
488,31654.0540541,316.540540541,500989.569068
489,31718.9189189,317.189189189,503044.908732
490,31783.7837838,317.837837838,505104.455847
491,31848.6486486,318.486486486,507168.210412
492,31913.5135135,319.135135135,509236.172429
493,31978.3783784,319.783783784,511308.341895
494,32043.2432432,320.432432432,513384.718813
495,32108.1081081,321.081081081,515465.303181
496,32172.972973,321.72972973,517550.095
497,32237.8378378,322.378378378,519639.09427
498,32302.7027027,323.027027027,521732.30099
499,32367.5675676,323.675675676,523829.715161
500,32432.4324324,324.324324324,525931.336783
501,32497.2972973,324.972972973,528037.165855
502,32562.1621622,325.621621622,530147.202378
503,32627.027027,326.27027027,532261.446352
504,32691.8918919,326.918918919,534379.897776
505,32756.7567568,327.567567568,536502.556652
506,32821.6216216,328.216216216,538629.422978
507,32886.4864865,328.864864865,540760.496754
508,32951.3513514,329.513513514,542895.777981
509,33016.2162162,330.162162162,545035.266659
510,33081.0810811,330.810810811,547178.962788
511,33145.9459459,331.459459459,549326.866367
512,33210.8108108,332.108108108,551478.977397
513,33275.6756757,332.756756757,553635.295878
514,33340.5405405,333.405405405,555795.821809
515,33405.4054054,334.054054054,557960.555191
516,33470.2702703,334.702702703,560129.496024
517,33535.1351351,335.351351351,562302.644308
518,33600.0,336.0,564480.000042
519,33664.8648649,336.648648649,566661.563227
520,33729.7297297,337.297297297,568847.333862
521,33794.5945946,337.945945946,571037.311949
522,33859.4594595,338.594594595,573231.497486
523,33924.3243243,339.243243243,575429.890473
524,33989.1891892,339.891891892,577632.490912
525,34054.0540541,340.540540541,579839.298801
526,34118.9189189,341.189189189,582050.31414
527,34183.7837838,341.837837838,584265.536931
528,34248.6486486,342.486486486,586484.967172
529,34313.5135135,343.135135135,588708.604864
530,34378.3783784,343.783783784,590936.450006
531,34443.2432432,344.432432432,593168.5026
532,34508.1081081,345.081081081,595404.762643
533,34572.972973,345.72972973,597645.230138
534,34637.8378378,346.378378378,599889.905083
535,34702.7027027,347.027027027,602138.787479
536,34767.5675676,347.675675676,604391.877326
537,34832.4324324,348.324324324,606649.174623
538,34897.2972973,348.972972973,608910.679371
539,34962.1621622,349.621621622,611176.39157
540,35027.027027,350.27027027,613446.31122
541,35091.8918919,350.918918919,615720.43832
542,35156.7567568,351.567567568,617998.772871
543,35221.6216216,352.216216216,620281.314872
544,35286.4864865,352.864864865,622568.064324
545,35351.3513514,353.513513514,624859.021227
546,35416.2162162,354.162162162,627154.185581
547,35481.0810811,354.810810811,629453.557385
548,35545.9459459,355.459459459,631757.13664
549,35610.8108108,356.108108108,634064.923346
550,35675.6756757,356.756756757,636376.917502
551,35740.5405405,357.405405405,638693.119109
552,35805.4054054,358.054054054,641013.528167
553,35870.2702703,358.702702703,643338.144676
554,35935.1351351,359.351351351,645666.968635
555,36000.0,360.0,648000.000045
556,36064.8648649,360.648648649,650337.238905
557,36129.7297297,361.297297297,652678.685216
558,36194.5945946,361.945945946,655024.338978
559,36259.4594595,362.594594595,657374.200191
560,36324.3243243,363.243243243,659728.268854
561,36389.1891892,363.891891892,662086.544968
562,36454.0540541,364.540540541,664449.028533
563,36518.9189189,365.189189189,666815.719548
564,36583.7837838,365.837837838,669186.618015
565,36648.6486486,366.486486486,671561.723931
566,36713.5135135,367.135135135,673941.037299
567,36778.3783784,367.783783784,676324.558117
568,36843.2432432,368.432432432,678712.286386
569,36908.1081081,369.081081081,681104.222105
570,36972.972973,369.72972973,683500.365276
571,37037.8378378,370.378378378,685900.715897
572,37102.7027027,371.027027027,688305.273968
573,37167.5675676,371.675675676,690714.039491
574,37232.4324324,372.324324324,693127.012464
575,37297.2972973,372.972972973,695544.192887
576,37362.1621622,373.621621622,697965.580762
577,37427.027027,374.27027027,700391.176087
578,37491.8918919,374.918918919,702820.978863
579,37556.7567568,375.567567568,705254.989089
580,37621.6216216,376.216216216,707693.206767
581,37686.4864865,376.864864865,710135.631894
582,37751.3513514,377.513513514,712582.264473
583,37816.2162162,378.162162162,715033.104502
584,37881.0810811,378.810810811,717488.151982
585,37945.9459459,379.459459459,719947.406913
586,38010.8108108,380.108108108,722410.869294
587,38075.6756757,380.756756757,724878.539126
588,38140.5405405,381.405405405,727350.416409
589,38205.4054054,382.054054054,729826.501143
590,38270.2702703,382.702702703,732306.793327
591,38335.1351351,383.351351351,734791.292962
592,38400.0,384.0,737280.000047
593,38464.8648649,384.648648649,739772.914583
594,38529.7297297,385.297297297,742270.03657
595,38594.5945946,385.945945946,744771.366008
596,38659.4594595,386.594594595,747276.902896
597,38724.3243243,387.243243243,749786.647235
598,38789.1891892,387.891891892,752300.599025
599,38854.0540541,388.540540541,754818.758265
600,38918.9189189,389.189189189,757341.124956
601,38983.7837838,389.837837838,759867.699098
602,39048.6486486,390.486486486,762398.480691
603,39113.5135135,391.135135135,764933.469734
604,39178.3783784,391.783783784,767472.666228
605,39243.2432432,392.432432432,770016.070172
606,39308.1081081,393.081081081,772563.681567
607,39372.972973,393.72972973,775115.500413
608,39437.8378378,394.378378378,777671.52671
609,39502.7027027,395.027027027,780231.760457
610,39567.5675676,395.675675676,782796.201655
611,39632.4324324,396.324324324,785364.850304
612,39697.2972973,396.972972973,787937.706403
613,39762.1621622,397.621621622,790514.769953
614,39827.027027,398.27027027,793096.040954
615,39891.8918919,398.918918919,795681.519406
616,39956.7567568,399.567567568,798271.205308
617,40021.6216216,400.216216216,800865.098661
618,40086.4864865,400.864864865,803463.199464
619,40151.3513514,401.513513514,806065.507719
620,40216.2162162,402.162162162,808672.023424
621,40281.0810811,402.810810811,811282.746579
622,40345.9459459,403.459459459,813897.677186
623,40410.8108108,404.108108108,816516.815243
624,40475.6756757,404.756756757,819140.16075
625,40540.5405405,405.405405405,821767.713709
626,40605.4054054,406.054054054,824399.474118
627,40670.2702703,406.702702703,827035.441978
628,40735.1351351,407.351351351,829675.617288
629,40800.0,408.0,832320.000049
630,40864.8648649,408.648648649,834968.590261
631,40929.7297297,409.297297297,837621.387924
632,40994.5945946,409.945945946,840278.393037
633,41059.4594595,410.594594595,842939.605601
634,41124.3243243,411.243243243,845605.025616
635,41189.1891892,411.891891892,848274.653081
636,41254.0540541,412.540540541,850948.487997
637,41318.9189189,413.189189189,853626.530364
638,41383.7837838,413.837837838,856308.780181
639,41448.6486486,414.486486486,858995.237449
640,41513.5135135,415.135135135,861685.902168
641,41578.3783784,415.783783784,864380.774338
642,41643.2432432,416.432432432,867079.853958
643,41708.1081081,417.081081081,869783.141029
644,41772.972973,417.72972973,872490.635551
645,41837.8378378,418.378378378,875202.337523
646,41902.7027027,419.027027027,877918.246946
647,41967.5675676,419.675675676,880638.36382
648,42032.4324324,420.324324324,883362.688144
649,42097.2972973,420.972972973,886091.219919
650,42162.1621622,421.621621622,888823.959145
651,42227.027027,422.27027027,891560.905821
652,42291.8918919,422.918918919,894302.059948
653,42356.7567568,423.567567568,897047.421526
654,42421.6216216,424.216216216,899796.990555
655,42486.4864865,424.864864865,902550.767034
656,42551.3513514,425.513513514,905308.750964
657,42616.2162162,426.162162162,908070.942345
658,42681.0810811,426.810810811,910837.341176
659,42745.9459459,427.459459459,913607.947458
660,42810.8108108,428.108108108,916382.761191
661,42875.6756757,428.756756757,919161.782374
662,42940.5405405,429.405405405,921945.011008
663,43005.4054054,430.054054054,924732.447093
664,43070.2702703,430.702702703,927524.090628
665,43135.1351351,431.351351351,930319.941615
666,43200.0,432.0,933120.000051
667,43264.8648649,432.648648649,935924.265939
668,43329.7297297,433.297297297,938732.739277
669,43394.5945946,433.945945946,941545.420066
670,43459.4594595,434.594594595,944362.308306
671,43524.3243243,435.243243243,947183.403996
672,43589.1891892,435.891891892,950008.707137
673,43654.0540541,436.540540541,952838.217729
674,43718.9189189,437.189189189,955671.935771
675,43783.7837838,437.837837838,958509.861264
676,43848.6486486,438.486486486,961351.994208
677,43913.5135135,439.135135135,964198.334603
678,43978.3783784,439.783783784,967048.882448
679,44043.2432432,440.432432432,969903.637744
680,44108.1081081,441.081081081,972762.60049
681,44172.972973,441.72972973,975625.770688
682,44237.8378378,442.378378378,978493.148336
683,44302.7027027,443.027027027,981364.733434
684,44367.5675676,443.675675676,984240.525984
685,44432.4324324,444.324324324,987120.525984
686,44497.2972973,444.972972973,990004.733435
687,44562.1621622,445.621621622,992893.148336
688,44627.027027,446.27027027,995785.770688
689,44691.8918919,446.918918919,998682.600491
690,44756.7567568,447.567567568,1001583.63774
691,44821.6216216,448.216216216,1004488.88245
692,44886.4864865,448.864864865,1007398.3346
693,44951.3513514,449.513513514,1010311.99421
694,45016.2162162,450.162162162,1013229.86127
695,45081.0810811,450.810810811,1016151.93577
696,45145.9459459,451.459459459,1019078.21773
697,45210.8108108,452.108108108,1022008.70714
698,45275.6756757,452.756756757,1024943.404
699,45340.5405405,453.405405405,1027882.30831
700,45405.4054054,454.054054054,1030825.42007
701,45470.2702703,454.702702703,1033772.73928
702,45535.1351351,455.351351351,1036724.26594
703,45600.0,456.0,1039680.00005
704,45664.8648649,456.648648649,1042639.94162
705,45729.7297297,457.297297297,1045604.09063
706,45794.5945946,457.945945946,1048572.4471
707,45859.4594595,458.594594595,1051545.01101
708,45924.3243243,459.243243243,1054521.78238
709,45989.1891892,459.891891892,1057502.76119
710,46054.0540541,460.540540541,1060487.94746
711,46118.9189189,461.189189189,1063477.34118
712,46183.7837838,461.837837838,1066470.94235
713,46248.6486486,462.486486486,1069468.75097
714,46313.5135135,463.135135135,1072470.76704
715,46378.3783784,463.783783784,1075476.99056
716,46443.2432432,464.432432432,1078487.42153
717,46508.1081081,465.081081081,1081502.05995
718,46572.972973,465.72972973,1084520.90582
719,46637.8378378,466.378378378,1087543.95915
720,46702.7027027,467.027027027,1090571.21992
721,46767.5675676,467.675675676,1093602.68815
722,46832.4324324,468.324324324,1096638.36382
723,46897.2972973,468.972972973,1099678.24695
724,46962.1621622,469.621621622,1102722.33753
725,47027.027027,470.27027027,1105770.63555
726,47091.8918919,470.918918919,1108823.14103
727,47156.7567568,471.567567568,1111879.85396
728,47221.6216216,472.216216216,1114940.77434
729,47286.4864865,472.864864865,1118005.90217
730,47351.3513514,473.513513514,1121075.23745
731,47416.2162162,474.162162162,1124148.78019
732,47481.0810811,474.810810811,1127226.53037
733,47545.9459459,475.459459459,1130308.488
734,47610.8108108,476.108108108,1133394.65309
735,47675.6756757,476.756756757,1136485.02562
736,47740.5405405,477.405405405,1139579.60561
737,47805.4054054,478.054054054,1142678.39304
738,47870.2702703,478.702702703,1145781.38793
739,47935.1351351,479.351351351,1148888.59027
740,48000.0,480.0,1152000.00006
741,48064.8648649,480.648648649,1155115.61729
742,48129.7297297,481.297297297,1158235.44198
743,48194.5945946,481.945945946,1161359.47412
744,48259.4594595,482.594594595,1164487.71371
745,48324.3243243,483.243243243,1167620.16076
746,48389.1891892,483.891891892,1170756.81525
747,48454.0540541,484.540540541,1173897.67719
748,48518.9189189,485.189189189,1177042.74659
749,48583.7837838,485.837837838,1180192.02343
750,48648.6486486,486.486486486,1183345.50773
751,48713.5135135,487.135135135,1186503.19947
752,48778.3783784,487.783783784,1189665.09867
753,48843.2432432,488.432432432,1192831.20531
754,48908.1081081,489.081081081,1196001.51941
755,48972.972973,489.72972973,1199176.04096
756,49037.8378378,490.378378378,1202354.76996
757,49102.7027027,491.027027027,1205537.70641
758,49167.5675676,491.675675676,1208724.85031
759,49232.4324324,492.324324324,1211916.20166
760,49297.2972973,492.972972973,1215111.76046
761,49362.1621622,493.621621622,1218311.52672
762,49427.027027,494.27027027,1221515.50042
763,49491.8918919,494.918918919,1224723.68158
764,49556.7567568,495.567567568,1227936.07018
765,49621.6216216,496.216216216,1231152.66624
766,49686.4864865,496.864864865,1234373.46974
767,49751.3513514,497.513513514,1237598.4807
768,49816.2162162,498.162162162,1240827.69911
769,49881.0810811,498.810810811,1244061.12496
770,49945.9459459,499.459459459,1247298.75827
771,50010.8108108,500.108108108,1250540.59903
772,50075.6756757,500.756756757,1253786.64724
773,50140.5405405,501.405405405,1257036.90291
774,50205.4054054,502.054054054,1260291.36602
775,50270.2702703,502.702702703,1263550.03658
776,50335.1351351,503.351351351,1266812.91459
777,50400.0,504.0,1270080.00006
778,50464.8648649,504.648648649,1273351.29297
779,50529.7297297,505.297297297,1276626.79334
780,50594.5945946,505.945945946,1279906.50115
781,50659.4594595,506.594594595,1283190.41642
782,50724.3243243,507.243243243,1286478.53914
783,50789.1891892,507.891891892,1289770.8693
784,50854.0540541,508.540540541,1293067.40692
785,50918.9189189,509.189189189,1296368.15199
786,50983.7837838,509.837837838,1299673.10451
787,51048.6486486,510.486486486,1302982.26448
788,51113.5135135,511.135135135,1306295.63191
789,51178.3783784,511.783783784,1309613.20678
790,51243.2432432,512.432432432,1312934.9891
791,51308.1081081,513.081081081,1316260.97887
792,51372.972973,513.72972973,1319591.1761
793,51437.8378378,514.378378378,1322925.58077
794,51502.7027027,515.027027027,1326264.1929
795,51567.5675676,515.675675676,1329607.01248
796,51632.4324324,516.324324324,1332954.0395
797,51697.2972973,516.972972973,1336305.27398
798,51762.1621622,517.621621622,1339660.71591
799,51827.027027,518.27027027,1343020.36529
800,51891.8918919,518.918918919,1346384.22212
801,51956.7567568,519.567567568,1349752.2864
802,52021.6216216,520.216216216,1353124.55813
803,52086.4864865,520.864864865,1356501.03731
804,52151.3513514,521.513513514,1359881.72394
805,52216.2162162,522.162162162,1363266.61803
806,52281.0810811,522.810810811,1366655.71956
807,52345.9459459,523.459459459,1370049.02855
808,52410.8108108,524.108108108,1373446.54498
809,52475.6756757,524.756756757,1376848.26887
810,52540.5405405,525.405405405,1380254.2002
811,52605.4054054,526.054054054,1383664.33899
812,52670.2702703,526.702702703,1387078.68523
813,52735.1351351,527.351351351,1390497.23892
814,52800.0,528.0,1393920.00006
815,52864.8648649,528.648648649,1397346.96865
816,52929.7297297,529.297297297,1400778.14469
817,52994.5945946,529.945945946,1404213.52818
818,53059.4594595,530.594594595,1407653.11912
819,53124.3243243,531.243243243,1411096.91752
820,53189.1891892,531.891891892,1414544.92336
821,53254.0540541,532.540540541,1417997.13665
822,53318.9189189,533.189189189,1421453.5574
823,53383.7837838,533.837837838,1424914.1856
824,53448.6486486,534.486486486,1428379.02124
825,53513.5135135,535.135135135,1431848.06434
826,53578.3783784,535.783783784,1435321.31489
827,53643.2432432,536.432432432,1438798.77289
828,53708.1081081,537.081081081,1442280.43833
829,53772.972973,537.72972973,1445766.31123
830,53837.8378378,538.378378378,1449256.39159
831,53902.7027027,539.027027027,1452750.67939
832,53967.5675676,539.675675676,1456249.17464
833,54032.4324324,540.324324324,1459751.87734
834,54097.2972973,540.972972973,1463258.78749
835,54162.1621622,541.621621622,1466769.9051
836,54227.027027,542.27027027,1470285.23015
837,54291.8918919,542.918918919,1473804.76266
838,54356.7567568,543.567567568,1477328.50262
839,54421.6216216,544.216216216,1480856.45002
840,54486.4864865,544.864864865,1484388.60488
841,54551.3513514,545.513513514,1487924.96719
842,54616.2162162,546.162162162,1491465.53695
843,54681.0810811,546.810810811,1495010.31416
844,54745.9459459,547.459459459,1498559.29882
845,54810.8108108,548.108108108,1502112.49093
846,54875.6756757,548.756756757,1505669.89049
847,54940.5405405,549.405405405,1509231.4975
848,55005.4054054,550.054054054,1512797.31197
849,55070.2702703,550.702702703,1516367.33388
850,55135.1351351,551.351351351,1519941.56324
851,55200.0,552.0,1523520.00006
852,55264.8648649,552.648648649,1527102.64433
853,55329.7297297,553.297297297,1530689.49604
854,55394.5945946,553.945945946,1534280.55521
855,55459.4594595,554.594594595,1537875.82183
856,55524.3243243,555.243243243,1541475.2959
857,55589.1891892,555.891891892,1545078.97742
858,55654.0540541,556.540540541,1548686.86639
859,55718.9189189,557.189189189,1552298.96281
860,55783.7837838,557.837837838,1555915.26668
861,55848.6486486,558.486486486,1559535.778
862,55913.5135135,559.135135135,1563160.49677
863,55978.3783784,559.783783784,1566789.423
864,56043.2432432,560.432432432,1570422.55667
865,56108.1081081,561.081081081,1574059.8978
866,56172.972973,561.72972973,1577701.44637
867,56237.8378378,562.378378378,1581347.2024
868,56302.7027027,563.027027027,1584997.16587
869,56367.5675676,563.675675676,1588651.3368
870,56432.4324324,564.324324324,1592309.71518
871,56497.2972973,564.972972973,1595972.30101
872,56562.1621622,565.621621622,1599639.09429
873,56627.027027,566.27027027,1603310.09502
874,56691.8918919,566.918918919,1606985.3032
875,56756.7567568,567.567567568,1610664.71883
876,56821.6216216,568.216216216,1614348.34192
877,56886.4864865,568.864864865,1618036.17245
878,56951.3513514,569.513513514,1621728.21043
879,57016.2162162,570.162162162,1625424.45587
880,57081.0810811,570.810810811,1629124.90875
881,57145.9459459,571.459459459,1632829.56909
882,57210.8108108,572.108108108,1636538.43688
883,57275.6756757,572.756756757,1640251.51211
884,57340.5405405,573.405405405,1643968.7948
885,57405.4054054,574.054054054,1647690.28494
886,57470.2702703,574.702702703,1651415.98253
887,57535.1351351,575.351351351,1655145.88757
888,57600.0,576.0,1658880.00006
889,57664.8648649,576.648648649,1662618.32
890,57729.7297297,577.297297297,1666360.84739
891,57794.5945946,577.945945946,1670107.58224
892,57859.4594595,578.594594595,1673858.52453
893,57924.3243243,579.243243243,1677613.67428
894,57989.1891892,579.891891892,1681373.03147
895,58054.0540541,580.540540541,1685136.59612
896,58118.9189189,581.189189189,1688904.36821
897,58183.7837838,581.837837838,1692676.34776
898,58248.6486486,582.486486486,1696452.53476
899,58313.5135135,583.135135135,1700232.92921
900,58378.3783784,583.783783784,1704017.5311
901,58443.2432432,584.432432432,1707806.34045
902,58508.1081081,585.081081081,1711599.35726
903,58572.972973,585.72972973,1715396.58151
904,58637.8378378,586.378378378,1719198.01321
905,58702.7027027,587.027027027,1723003.65236
906,58767.5675676,587.675675676,1726813.49896
907,58832.4324324,588.324324324,1730627.55302
908,58897.2972973,588.972972973,1734445.81452
909,58962.1621622,589.621621622,1738268.28348
910,59027.027027,590.27027027,1742094.95989
911,59091.8918919,590.918918919,1745925.84374
912,59156.7567568,591.567567568,1749760.93505
913,59221.6216216,592.216216216,1753600.23381
914,59286.4864865,592.864864865,1757443.74002
915,59351.3513514,593.513513514,1761291.45368
916,59416.2162162,594.162162162,1765143.37479
917,59481.0810811,594.810810811,1768999.50335
918,59545.9459459,595.459459459,1772859.83936
919,59610.8108108,596.108108108,1776724.38282
920,59675.6756757,596.756756757,1780593.13374
921,59740.5405405,597.405405405,1784466.0921
922,59805.4054054,598.054054054,1788343.25791
923,59870.2702703,598.702702703,1792224.63118
924,59935.1351351,599.351351351,1796110.21189
925,60000.0,600.0,1800000.00006
926,60064.8648649,600.648648649,1803893.99568
927,60129.7297297,601.297297297,1807792.19875
928,60194.5945946,601.945945946,1811694.60926
929,60259.4594595,602.594594595,1815601.22723
930,60324.3243243,603.243243243,1819512.05265
931,60389.1891892,603.891891892,1823427.08552
932,60454.0540541,604.540540541,1827346.32585
933,60518.9189189,605.189189189,1831269.77362
934,60583.7837838,605.837837838,1835197.42884
935,60648.6486486,606.486486486,1839129.29151
936,60713.5135135,607.135135135,1843065.36164
937,60778.3783784,607.783783784,1847005.63921
938,60843.2432432,608.432432432,1850950.12424
939,60908.1081081,609.081081081,1854898.81672
940,60972.972973,609.72972973,1858851.71664
941,61037.8378378,610.378378378,1862808.82402
942,61102.7027027,611.027027027,1866770.13885
943,61167.5675676,611.675675676,1870735.66113
944,61232.4324324,612.324324324,1874705.39086
945,61297.2972973,612.972972973,1878679.32804
946,61362.1621622,613.621621622,1882657.47267
947,61427.027027,614.27027027,1886639.82475
948,61491.8918919,614.918918919,1890626.38428
949,61556.7567568,615.567567568,1894617.15127
950,61621.6216216,616.216216216,1898612.1257
951,61686.4864865,616.864864865,1902611.30759
952,61751.3513514,617.513513514,1906614.69692
953,61816.2162162,618.162162162,1910622.29371
954,61881.0810811,618.810810811,1914634.09794
955,61945.9459459,619.459459459,1918650.10963
956,62010.8108108,620.108108108,1922670.32877
957,62075.6756757,620.756756757,1926694.75536
958,62140.5405405,621.405405405,1930723.3894
959,62205.4054054,622.054054054,1934756.23089
960,62270.2702703,622.702702703,1938793.27983
961,62335.1351351,623.351351351,1942834.53622
962,62400.0,624.0,1946880.00006
963,62464.8648649,624.648648649,1950929.67135
964,62529.7297297,625.297297297,1954983.5501
965,62594.5945946,625.945945946,1959041.63629
966,62659.4594595,626.594594595,1963103.92994
967,62724.3243243,627.243243243,1967170.43103
968,62789.1891892,627.891891892,1971241.13958
969,62854.0540541,628.540540541,1975316.05558
970,62918.9189189,629.189189189,1979395.17902
971,62983.7837838,629.837837838,1983478.50992
972,63048.6486486,630.486486486,1987566.04827
973,63113.5135135,631.135135135,1991657.79407
974,63178.3783784,631.783783784,1995753.74732
975,63243.2432432,632.432432432,1999853.90802
976,63308.1081081,633.081081081,2003958.27618
977,63372.972973,633.72972973,2008066.85178
978,63437.8378378,634.378378378,2012179.63483
979,63502.7027027,635.027027027,2016296.62534
980,63567.5675676,635.675675676,2020417.82329
981,63632.4324324,636.324324324,2024543.2287
982,63697.2972973,636.972972973,2028672.84155
983,63762.1621622,637.621621622,2032806.66186
984,63827.027027,638.27027027,2036944.68962
985,63891.8918919,638.918918919,2041086.92482
986,63956.7567568,639.567567568,2045233.36748
987,64021.6216216,640.216216216,2049384.01759
988,64086.4864865,640.864864865,2053538.87515
989,64151.3513514,641.513513514,2057697.94016
990,64216.2162162,642.162162162,2061861.21263
991,64281.0810811,642.810810811,2066028.69254
992,64345.9459459,643.459459459,2070200.3799
993,64410.8108108,644.108108108,2074376.27472
994,64475.6756757,644.756756757,2078556.37698
995,64540.5405405,645.405405405,2082740.68669
996,64605.4054054,646.054054054,2086929.20386
997,64670.2702703,646.702702703,2091121.92848
998,64735.1351351,647.351351351,2095318.86054
999,64800.0,648.0,2099520.00006
