,Time(s),RNA1,Protein1,RNA2,Protein2,Vol
0,0.0,0.0,0.0,0.0,0.0,63107.064687
1,0.500500500501,0.0500465710341,0.000417481908181,0.00166137696987,8.32672769058e-06,63133.391108
2,1.001001001,0.100086184681,0.00166985031633,0.00330883916473,3.3214384269e-05,63159.7285116
3,1.5015015015,0.150118841908,0.00375698901379,0.00494238852144,7.4523436183e-05,63186.0769024
4,2.002002002,0.200144543683,0.0066787820133,0.00656202697312,0.000132114697209,63212.436285
5,2.5025025025,0.250163290973,0.0104351133203,0.008167756453,0.000205848974014,63238.8066639
6,3.003003003,0.300175084742,0.0150258669853,0.00975957889358,0.000295587128929,63265.1880438
7,3.5035035035,0.350179925959,0.0204509269657,0.0113374962289,0.000401189908943,63291.5804293
8,4.004004004,0.40017781559,0.0267101772423,0.0129015103926,0.000522518090284,63317.9838249
9,4.5045045045,0.450168754602,0.033803501796,0.0144516233184,0.000659432449179,63344.3982353
10,5.00500500501,0.500152743961,0.0417307847375,0.0159878369377,0.000811793919892,63370.8236649
11,5.50550550551,0.550129784624,0.0504919112379,0.0175101531643,0.000979464728354,63397.2601187
12,6.00600600601,0.600099877562,0.0600867646782,0.019018573942,0.00116230491843,63423.7076011
13,6.50650650651,0.650063023741,0.0705152291004,0.0205131012032,0.00136017533959,63450.1661167
14,7.00700700701,0.70001922413,0.0817771885228,0.0219937368812,0.00157293681209,63476.6356701
15,7.50750750751,0.749968479693,0.0938725269399,0.0234604829092,0.00180045012689,63503.1162658
16,8.00800800801,0.799910791398,0.106801128322,0.0249133412211,0.0020425760457,63529.6079084
17,8.50850850851,0.849846160212,0.120562876617,0.0263523137512,0.00229917530101,63556.1106026
18,9.00900900901,0.899774587103,0.135157655747,0.027777402434,0.002570108596,63582.6243528
19,9.50950950951,0.949696073037,0.150585349612,0.0291886092045,0.00285523660464,63609.1491636
20,10.01001001,0.999610618962,0.166845844649,0.0305859359555,0.0031544230916,63635.68504
21,10.5105105105,1.04951822584,0.18393902561,0.0319693846077,0.00346752976811,63662.2319869
22,11.011011011,1.09941889464,0.201864774946,0.0333389571203,0.00379441554375,63688.7900084
23,11.5115115115,1.14931262634,0.220622976777,0.0346946554246,0.00413494136015,63715.3591091
24,12.012012012,1.19919942191,0.240213515216,0.0360364814521,0.00448896815076,63741.9392936
25,12.5125125125,1.2490792823,0.260636274371,0.0373644371343,0.00485635684084,63768.5305666
26,13.013013013,1.29895220848,0.281891138343,0.0386785244028,0.00523696834742,63795.1329326
27,13.5135135135,1.34881820142,0.303977991224,0.0399787451895,0.00563066357936,63821.7463961
28,14.014014014,1.39867726209,0.326896717104,0.0412651014262,0.0060373034373,63848.3709618
29,14.5145145145,1.44852939145,0.350647200063,0.0425375950448,0.00645674881369,63875.0066343
30,15.015015015,1.49837459043,0.375229328793,0.0437962279007,0.00688886621566,63901.653419
31,15.5155155155,1.54821286001,0.400642984514,0.0450410019733,0.00733351305203,63928.3113199
32,16.016016016,1.59804420117,0.426888051544,0.0462719191907,0.00779055050163,63954.9803417
33,16.5165165165,1.64786861486,0.453964414237,0.0474889814805,0.00825983978683,63981.6604889
34,17.017017017,1.69768610206,0.481871956955,0.0486921907698,0.00874124214335,64008.3517663
35,17.5175175175,1.74749666372,0.510610564074,0.0498815489858,0.00923461882027,64035.0541784
36,18.018018018,1.7973003008,0.540180119981,0.0510570580553,0.00973983107998,64061.7677299
37,18.5185185185,1.84709701427,0.570580509073,0.052218719905,0.0102567401982,64088.4924253
38,19.019019019,1.8968868051,0.60181161576,0.0533665364616,0.0107852074641,64115.2282694
39,19.5195195195,1.94666967424,0.633873325191,0.054500509639,0.0113250950681,64141.975267
40,20.02002002,1.99644562264,0.666765522508,0.0556206413517,0.0118762651927,64168.7334226
41,20.5205205205,2.04621465129,0.700488091468,0.056726933537,0.0124385783302,64195.502741
42,21.021021021,2.09597676113,0.735040916639,0.0578193881188,0.0130118959647,64222.2832267
43,21.5215215215,2.14573195313,0.770423882611,0.0588980070207,0.0135960796023,64249.0748844
44,22.022022022,2.19548022825,0.80663687399,0.0599627921657,0.0141909907714,64275.8777188
45,22.5225225225,2.24522158745,0.843679775401,0.0610137454769,0.0147964910221,64302.6917345
46,23.023023023,2.2949560317,0.881552471487,0.0620508688769,0.0154124419268,64329.5169362
47,23.5235235235,2.34468356196,0.920254846911,0.063074164288,0.0160387050798,64356.3533285
48,24.024024024,2.39440417918,0.959786786351,0.0640836336321,0.0166751420975,64383.2009162
49,24.5245245245,2.44411788433,1.00014817443,0.0650792788324,0.0173216145191,64410.0597039
50,25.025025025,2.49382467837,1.04133889589,0.0660611018095,0.0179779840486,64436.9296962
51,25.5255255255,2.54352456225,1.08335883547,0.0670291044846,0.0186441123741,64463.8108979
52,26.026026026,2.59321753695,1.12620787793,0.0679832887785,0.0193198611929,64490.7033137
53,26.5265265265,2.64290360341,1.16988590803,0.0689236566117,0.0200050922235,64517.6069482
54,27.027027027,2.69258276261,1.21439281055,0.0698502099046,0.0206996672065,64544.521806
55,27.5275275275,2.7422550155,1.2597284703,0.0707629505771,0.0214034479036,64571.447892
56,28.028028028,2.79192036303,1.30589277208,0.071661880549,0.0221162960984,64598.3852108
57,28.5285285285,2.84157880618,1.35288560075,0.0725470017396,0.0228380735961,64625.3337671
58,29.029029029,2.89123034589,1.40070684065,0.0734183160763,0.0235686416147,64652.2935654
59,29.5295295295,2.94087498315,1.44935637569,0.0742758254941,0.0243078608226,64679.2646103
60,30.03003003,2.9905127189,1.4988340917,0.0751195318956,0.0250555942408,64706.2469067
61,30.5305305305,3.0401435541,1.54913987356,0.0759494371998,0.025811703714,64733.2404593
62,31.031031031,3.08976748971,1.60027360615,0.0767655433252,0.0265760511103,64760.2452727
63,31.5315315315,3.1393845267,1.65223517439,0.0775678521898,0.0273484983215,64787.2613517
64,32.032032032,3.18899466601,1.7050244632,0.0783563657115,0.0281289072626,64814.2887009
65,32.5325325325,3.2385979086,1.75864135753,0.0791310858079,0.0289171398718,64841.3273251
66,33.033033033,3.28819425545,1.81308574236,0.0798920143962,0.0297130581111,64868.377229
67,33.5335335335,3.33778370749,1.86835750266,0.0806391533932,0.0305165239657,64895.4384173
68,34.034034034,3.3873662657,1.92445652344,0.0813725047155,0.0313273994441,64922.5108946
69,34.5345345345,3.43694193104,1.98138268974,0.0820920702793,0.0321455465785,64949.5946658
70,35.035035035,3.48651070445,2.03913588659,0.0827978520006,0.0329708274241,64976.6897355
71,35.5355355355,3.53607258689,2.09771599907,0.0834898517949,0.0338031040599,65003.7961085
72,36.036036036,3.58562757933,2.15712291225,0.0841680715774,0.0346422385881,65030.9137895
73,36.5365365365,3.63517568272,2.21735651124,0.0848325132631,0.0354880931343,65058.0427831
74,37.037037037,3.68471689803,2.27841668116,0.0854831787667,0.0363405298475,65085.1830942
75,37.5375375375,3.73425122619,2.34030330716,0.0861200700023,0.0371994109001,65112.3347275
76,38.038038038,3.78377866818,2.4030162744,0.0867431888839,0.0380645984881,65139.4976876
77,38.5385385385,3.83329922495,2.46655546806,0.0873525373253,0.0389359548306,65166.6719794
78,39.039039039,3.88281289746,2.53092077334,0.0879481172396,0.0398133421703,65193.8576075
79,39.5395395395,3.93231968666,2.59611207547,0.0885299305399,0.0406966227733,65221.0545768
80,40.04004004,3.98181959351,2.66212925968,0.0890979791388,0.0415856589289,65248.2628919
81,40.5405405405,4.03131261896,2.72897221123,0.0896522649487,0.04248031295,65275.4825576
82,41.041041041,4.08079876398,2.7966408154,0.0901927898815,0.0433804471729,65302.7135787
83,41.5415415415,4.13027802951,2.86513495749,0.090719555849,0.0442859239573,65329.9559599
84,42.042042042,4.17975041652,2.93445452282,0.0912325647626,0.0451966056861,65357.2097059
85,42.5425425425,4.22921592598,3.00459939314,0.091731818593,0.0461123504014,65384.4748209
86,43.043043043,4.27867455887,3.07556945217,0.0922173192785,0.0470330185309,65411.7513093
87,43.5435435435,4.32812631611,3.14736458929,0.0926890686624,0.0479584774219,65439.0391766
88,44.044044044,4.37757119866,3.21998468984,0.0931470686558,0.0488885894645,65466.3384275
89,44.5445445445,4.42700920747,3.29342963915,0.0935913211699,0.0498232170706,65493.6490669
90,45.045045045,4.47644034349,3.36769932259,0.0940218281151,0.0507622226739,65520.9710994
91,45.5455455455,4.52586460768,3.44279362554,0.0944385914018,0.0517054687297,65548.3045299
92,46.046046046,4.575282001,3.5187124334,0.0948416129402,0.0526528177152,65575.6493631
93,46.5465465465,4.6246925244,3.59545563157,0.0952308946399,0.0536041321295,65603.0056037
94,47.047047047,4.67409617883,3.67302310549,0.0956064384104,0.0545592744932,65630.3732566
95,47.5475475475,4.72349296526,3.75141474062,0.0959682461608,0.0555181073489,65657.7523264
96,48.048048048,4.77288288462,3.83063042243,0.0963163198,0.0564804932609,65685.1428181
97,48.5485485485,4.82226593789,3.91067003639,0.0966506612364,0.0574462948153,65712.5447362
98,49.049049049,4.87164212601,3.99153346803,0.0969712723783,0.05841537462,65739.9580857
99,49.5495495495,4.92101144994,4.07322060285,0.0972781551337,0.0593875953045,65767.3828713
100,50.0500500501,4.97037391063,4.15573132641,0.0975713114102,0.0603628195204,65794.8190977
101,50.5505505506,5.01972950903,4.23906552426,0.0978507431151,0.0613409099407,65822.2667698
102,51.0510510511,5.0690782461,4.32322308199,0.0981164521553,0.0623217292606,65849.7258923
103,51.5515515516,5.11842012279,4.40820388518,0.0983684404378,0.0633051401966,65877.19647
104,52.0520520521,5.16775514005,4.49400781946,0.0986067098687,0.0642910054875,65904.6785078
105,52.5525525526,5.21708329884,4.58063477045,0.0988312623544,0.0652791878934,65932.1720104
106,53.0530530531,5.26640460012,4.66808462381,0.0990420998005,0.0662695501965,65959.6769825
107,53.5535535536,5.31571904482,4.75635726521,0.0992392241127,0.0672619552006,65987.1934291
108,54.0540540541,5.36502663391,4.84545258033,0.099422637196,0.0682562657314,66014.7213549
109,54.5545545546,5.41432736834,4.93537045487,0.0995923409555,0.0692523446363,66042.2607646
110,55.0550550551,5.46362124906,5.02611077457,0.0997483372957,0.0702500547845,66069.8116632
111,55.5555555556,5.51290827702,5.11767342516,0.099890628121,0.071249259067,66097.3740554
112,56.0560560561,5.56218845322,5.21005828751,0.100019215417,0.072249814442,66124.9479451
113,56.5565565566,5.6114617786,5.30326524806,0.100134101077,0.0732515846533,66152.5333373
114,57.0570570571,5.66072825409,5.39729419565,0.100235286953,0.0742544363599,66180.1302373
115,57.5575575576,5.70998788063,5.49214501603,0.10032277495,0.0752582324559,66207.73865
116,58.0580580581,5.75924065919,5.58781759496,0.10039656697,0.076262835855,66235.3585801
117,58.5585585586,5.80848659072,5.6843118182,0.100456664919,0.0772681094908,66262.9900325
118,59.0590590591,5.85772567616,5.78162757157,0.100503070699,0.0782739163165,66290.6330119
119,59.5595595596,5.90695791646,5.87976474086,0.100535786213,0.0792801193054,66318.2875232
120,60.0600600601,5.95618331259,5.97872321191,0.100554813365,0.0802865814504,66345.9535712
121,60.5605605606,6.00540186548,6.07850287056,0.100560154057,0.0812931657641,66373.6311606
122,61.0610610611,6.0546135761,6.17910360267,0.100551810191,0.0822997352792,66401.3202964
123,61.5615615616,6.10381844539,6.28052529412,0.10052978367,0.0833061530479,66429.0209834
124,62.0620620621,6.1530164743,6.3827678308,0.100494076395,0.0843122821423,66456.7332263
125,62.5625625626,6.20220766379,6.48583109861,0.100444690268,0.0853179856543,66484.4570299
126,63.0630630631,6.2513920148,6.58971498349,0.100381627189,0.0863231266957,66512.1923992
127,63.5635635636,6.30056952828,6.69441937138,0.100304889061,0.0873275683978,66539.9393389
128,64.0640640641,6.34974020519,6.79994414824,0.100214477783,0.088331173912,66567.6978539
129,64.5645645646,6.39890404648,6.90628920004,0.100110395256,0.0893338064094,66595.467949
130,65.0650650651,6.44806105309,7.01345441277,0.0999926433804,0.0903353290808,66623.2496291
131,65.5655655656,6.49721122598,7.12143967245,0.0998612240556,0.0913356051368,66651.0428989
132,66.0660660661,6.54635456609,7.2302448651,0.0997161391815,0.092334497808,66678.8477633
133,66.5665665666,6.59549107437,7.33986987675,0.0995573906572,0.0933318703444,66706.6642271
134,67.0670670671,6.64462075179,7.45031459347,0.0993849803818,0.0943275860163,66734.4922953
135,67.5675675676,6.69374359927,7.56157890134,0.0991989102542,0.0953215081134,66762.3319726
136,68.0680680681,6.74285961778,7.67366268644,0.0989991821727,0.0963134999453,66790.1832639
137,68.5685685686,6.79196880826,7.78656583487,0.0987857980356,0.0973034248415,66818.046174
138,69.0690690691,6.84107117166,7.90028823278,0.0985587597408,0.0982911461511,66845.9207079
139,69.5695695696,6.89016670896,8.01482976342,0.0983180692334,0.0992765237539,66873.8068698
140,70.0700700701,6.93925542108,8.13019031435,0.0980637283877,0.100259422748,66901.7046649
141,70.5705705706,6.98833730898,8.24636977267,0.0977957390856,0.101239707644,66929.6140982
142,71.0710710711,7.0374123736,8.36336802452,0.0975141032246,0.102217241831,66957.5351746
143,71.5715715716,7.08648061589,8.48118495608,0.0972188227019,0.103191888717,66985.4678988
144,72.0720720721,7.13554203679,8.59982045353,0.0969098994141,0.104163511728,67013.4122757
145,72.5725725726,7.18459663727,8.71927440309,0.096587335258,0.105131974311,67041.3683103
146,73.0730730731,7.23364441825,8.83954669097,0.0962511321298,0.106097139929,67069.3360073
147,73.5735735736,7.2826853807,8.96063720341,0.0959012919257,0.107058872066,67097.3153717
148,74.0740740741,7.33171952555,9.08254582666,0.0955378165413,0.108017034225,67125.3064082
149,74.5745745746,7.38074685377,9.20527244699,0.0951607078723,0.108971489926,67153.3091218
150,75.0750750751,7.42976736629,9.32881695068,0.0947699678139,0.109922102709,67181.3235174
151,75.5755755756,7.47878106406,9.45317922403,0.0943655982612,0.110868736134,67209.3495998
152,76.0760760761,7.52778794804,9.57835915336,0.0939476011088,0.111811253778,67237.3873738
153,76.5765765766,7.57678801916,9.70435662499,0.0935159782514,0.112749519237,67265.4368444
154,77.0770770771,7.62578127837,9.83117152528,0.093070731583,0.113683396127,67293.4980165
155,77.5775775776,7.67476772663,9.95880374058,0.0926118629977,0.114612748082,67321.5708949
156,78.0780780781,7.72374736487,10.0872531573,0.0921393743892,0.115537438756,67349.6554844
157,78.5785785786,7.77272019405,10.2165196617,0.0916532676509,0.11645733182,67377.7517901
158,79.0790790791,7.82168621511,10.3466031404,0.0911535446759,0.117372290966,67405.8598167
159,79.5795795796,7.870645429,10.4775034797,0.0906402073573,0.118282179903,67433.9795692
160,80.0800800801,7.91959783667,10.6092205661,0.0901132575877,0.11918686236,67462.1110525
161,80.5805805806,7.96854343905,10.7417542859,0.0895726972594,0.120086202084,67490.2542713
162,81.0810810811,8.01748223711,10.8751045258,0.0890185282646,0.120980062842,67518.4092308
163,81.5815815816,8.06641423177,11.0092711721,0.0884507524951,0.121868308419,67546.5759356
164,82.0820820821,8.11533942399,11.1442541114,0.0878693718426,0.12275080262,67574.7543908
165,82.5825825826,8.16425781472,11.2800532302,0.0872743881984,0.123627409266,67602.9446012
166,83.0830830831,8.2131694049,11.4166684147,0.0866658034603,0.124497991755,67631.146572
167,83.5835835836,8.26207419548,11.5540995517,0.086043619514,0.125362414282,67659.3603079
168,84.0840840841,8.31097218739,11.6923465277,0.0854078382494,0.126220540779,67687.5858138
169,84.5845845846,8.3598633816,11.8314092295,0.0847584615567,0.127072235142,67715.8230946
170,85.0850850851,8.40874777903,11.9712875435,0.084095491326,0.127917361285,67744.0721551
171,85.5855855856,8.45762538064,12.1119813564,0.0834189294472,0.128755783144,67772.3330004
172,86.0860860861,8.50649618737,12.2534905548,0.0827287778098,0.12958736467,67800.6056353
173,86.5865865866,8.55536020017,12.3958150254,0.082025038303,0.130411969835,67828.8900647
174,87.0870870871,8.60421741997,12.5389546548,0.0813077128159,0.13122946263,67857.1862936
175,87.5875875876,8.65306784773,12.6829093297,0.0805768032373,0.132039707065,67885.4943268
176,88.0880880881,8.70191148439,12.8276789368,0.0798323114556,0.132842567167,67913.8141694
177,88.5885885886,8.75074833089,12.9732633628,0.079074239359,0.133637906983,67942.1458262
178,89.0890890891,8.79957838818,13.1196624943,0.0783025888356,0.13442559058,67970.4893022
179,89.5895895896,8.8484016572,13.2668762183,0.077517361773,0.135205482043,67998.8446022
180,90.0900900901,8.89721813889,13.4149044213,0.0767185600587,0.135977445474,68027.2117312
181,90.5905905906,8.9460278342,13.5637469902,0.0759061855799,0.136741344997,68055.5906942
182,91.0910910911,8.99483074407,13.7134038118,0.0750802402234,0.137497044753,68083.9814961
183,91.5915915916,9.04362686944,13.8638747728,0.074240725876,0.138244408902,68112.3841418
184,92.0920920921,9.09241621127,14.0151597601,0.0733876444241,0.138983301624,68140.7986363
185,92.5925925926,9.14119877048,14.1672586605,0.0725209977538,0.139713587115,68169.2249845
186,93.0930930931,9.18997454803,14.3201713608,0.0716407877509,0.140435129594,68197.6631913
187,93.5935935936,9.23874354485,14.473897748,0.0707470163011,0.141147793296,68226.1132616
188,94.0940940941,9.2875057619,14.6284377088,0.0698396852897,0.141851442474,68254.5752006
189,94.5945945946,9.3362612001,14.7837911302,0.0689187966018,0.142545941404,68283.049013
190,95.0950950951,9.38500986041,14.9399578992,0.0679843521223,0.143231154376,68311.5347038
191,95.5955955956,9.43375174377,15.0969379025,0.0670363537357,0.143906945702,68340.032278
192,96.0960960961,9.48248685111,15.2547310272,0.0660748033263,0.144573179713,68368.5417406
193,96.5965965966,9.53121518339,15.4133371603,0.0650997027781,0.145229720756,68397.0630964
194,97.0970970971,9.57993674154,15.5727561886,0.064111053975,0.145876433199,68425.5963505
195,97.5975975976,9.6286515265,15.7329879993,0.0631088588004,0.14651318143,68454.1415079
196,98.0980980981,9.67735953922,15.8940324792,0.0620931191376,0.147139829853,68482.6985734
197,98.5985985986,9.72606078063,16.0558895154,0.0610638368696,0.147756242892,68511.267552
198,99.0990990991,9.77475525168,16.218558995,0.0600210138791,0.148362284992,68539.8484488
199,99.5995995996,9.82344295332,16.3820408049,0.0589646520486,0.148957820613,68568.4412686
200,100.1001001,9.87212388647,16.5463348324,0.0578947532603,0.149542714236,68597.0460165
201,100.600600601,9.92079805209,16.7114409643,0.0568113193961,0.150116830362,68625.6626973
202,101.101101101,9.96946545111,16.877359088,0.0557143523377,0.150680033508,68654.2913162
203,101.601601602,10.0181260845,17.0440890904,0.0546038539666,0.151232188213,68682.9318781
204,102.102102102,10.0667799531,17.2116308586,0.0534798261639,0.151773159032,68711.5843879
205,102.602602603,10.115427058,17.37998428,0.0523422708105,0.15230281054,68740.2488506
206,103.103103103,10.1640674,17.5491492417,0.0511911897842,0.152821007582,68768.9252719
207,103.603603604,10.2127009802,17.7191256314,0.0500265849585,0.153327615392,68797.6136586
208,104.104104104,10.2613277993,17.8899133358,0.0488484582223,0.153822497811,68826.3140134
209,104.604604605,10.3099478585,18.061512242,0.0476568114554,0.154305519494,68855.0263413
210,105.105105105,10.3585611586,18.2339222373,0.0464516465374,0.154776545111,68883.7506473
211,105.605605606,10.4071677006,18.4071432089,0.0452329653476,0.155235439352,68912.4869364
212,106.106106106,10.4557674853,18.5811750441,0.044000769765,0.155682066926,68941.2352136
213,106.606606607,10.5043605138,18.7560176301,0.0427550616685,0.156116292561,68969.9954838
214,107.107107107,10.552946787,18.9316708543,0.0414958429364,0.156537981004,68998.7677522
215,107.607607608,10.6015263058,19.1081346038,0.0402231154472,0.156946997019,69027.5520237
216,108.108108108,10.6500990712,19.2854087662,0.0389368810787,0.157343205393,69056.3483033
217,108.608608609,10.698665084,19.4634932286,0.0376371417088,0.157726470926,69085.156596
218,109.109109109,10.7472243453,19.6423878785,0.0363238992148,0.158096658442,69113.9769069
219,109.60960961,10.795776856,19.8220926032,0.034997155474,0.158453632782,69142.8092409
220,110.11011011,10.844322617,20.00260729,0.0336569123634,0.158797258804,69171.653603
221,110.610610611,10.8928616293,20.1839318265,0.0323031717596,0.159127401388,69200.5099984
222,111.111111111,10.9413938937,20.3660661,0.0309359355391,0.159443925431,69229.3784319
223,111.611611612,10.9899194113,20.5490099979,0.029555205578,0.159746695849,69258.2589086
224,112.112112112,11.0384381829,20.7327634077,0.0281609837521,0.160035577577,69287.1514336
225,112.612612613,11.0869502095,20.9173262168,0.0267532719373,0.16031043557,69316.0560118
226,113.113113113,11.1354554921,21.1026983128,0.0253320720088,0.160571134799,69344.9726483
227,113.613613614,11.1839540316,21.2888795831,0.0238973858417,0.160817540256,69373.9013482
228,114.114114114,11.2324458289,21.4758699152,0.0224492153109,0.161049516952,69402.8421163
229,114.614614615,11.2809308849,21.6636691966,0.020987562291,0.161266929916,69431.7949579
230,115.115115115,11.3294092006,21.852277315,0.0195124286564,0.161469644196,69460.7598778
231,115.615615616,11.377880777,22.0416941578,0.018023816281,0.161657524859,69489.7368812
232,116.116116116,11.4263456149,22.2319196126,0.0165217270387,0.161830436992,69518.7259731
233,116.616616617,11.4748037154,22.422953567,0.015006162803,0.161988245697,69547.7271585
234,117.117117117,11.5232550792,22.6147959086,0.0134771254473,0.1621308161,69576.7404425
235,117.617617618,11.5716997075,22.807446525,0.0119346168445,0.162258013341,69605.7658301
236,118.118118118,11.620137601,23.0009053039,0.0103786388674,0.162369702583,69634.8033263
237,118.618618619,11.6685687609,23.195172133,0.00880919338849,0.162465749006,69663.8529363
238,119.119119119,11.7169931879,23.3902468997,0.00722628228001,0.162546017807,69692.914665
239,119.61961962,11.765410883,23.586129492,0.00562990741394,0.162610374206,69721.9885174
240,120.12012012,11.8138218471,23.7828197974,0.00402007066198,0.162658683438,69751.0744988
241,120.620620621,11.8622260813,23.9803177036,0.00239677389558,0.162690810758,69780.172614
242,121.121121121,11.9106235864,24.1786230985,0.000760018985935,0.162706621442,69809.2828683
243,121.621621622,11.9590143634,24.3777358697,-0.000890192196037,0.162705980782,69838.4052665
244,122.122122122,12.0073984131,24.577655905,-0.00255385777967,0.162688754089,69867.5398138
245,122.622622623,12.0557757366,24.7783830922,-0.00423097589456,0.162654806695,69896.6865153
246,123.123123123,12.1041463348,24.979917319,-0.00592154467057,0.16260400395,69925.845376
247,123.623623624,12.1525102085,25.1822584733,-0.00762556223782,0.162536211221,69955.016401
248,124.124124124,12.2008673588,25.3854064429,-0.00934302672669,0.162451293896,69984.1995953
249,124.624624625,12.2492177866,25.5893611157,-0.0110739362678,0.16234911738,70013.394964
250,125.125125125,12.2975614928,25.7941223794,-0.0128182889921,0.1622295471,70042.6025122
251,125.625625626,12.3458984783,25.999690122,-0.0145760830308,0.162092448498,70071.822245
252,126.126126126,12.3942287441,26.2060642314,-0.0163473165152,0.161937687038,70101.0541675
253,126.626626627,12.4425522912,26.4132445954,-0.0181319875771,0.1617651282,70130.2982846
254,127.127127127,12.4908691203,26.6212311019,-0.0199300943484,0.161574637486,70159.5546016
255,127.627627628,12.5391792326,26.830023639,-0.0217416349614,0.161366080413,70188.8231234
256,128.128128128,12.5874826288,27.0396220945,-0.0235666075485,0.161139322521,70218.1038552
257,128.628628629,12.63577931,27.2500263564,-0.0254050102424,0.160894229366,70247.3968021
258,129.129129129,12.6840692771,27.4612363127,-0.0272568411762,0.160630666524,70276.7019691
259,129.62962963,12.732352531,27.6732518514,-0.0291220984831,0.160348499588,70306.0193613
260,130.13013013,12.7806290726,27.8860728605,-0.0310007802966,0.160047594174,70335.3489839
261,130.630630631,12.828898903,28.099699228,-0.0328928847506,0.159727815912,70364.6908418
262,131.131131131,12.8771620229,28.3141308419,-0.0347984099791,0.159389030454,70394.0449403
263,131.631631632,12.9254184334,28.5293675904,-0.0367173541163,0.15903110347,70423.4112844
264,132.132132132,12.9736681353,28.7454093615,-0.0386497152969,0.158653900648,70452.7898792
265,132.632632633,13.0219111297,28.9622560433,-0.0405954916557,0.158257287696,70482.1807298
266,133.133133133,13.0701474174,29.1799075239,-0.0425546813278,0.157841130341,70511.5838413
267,133.633633634,13.1183769994,29.3983636914,-0.0445272824486,0.157405294327,70540.9992188
268,134.134134134,13.1665998766,29.6176244339,-0.0465132931536,0.156949645419,70570.4268675
269,134.634634635,13.2148160499,29.8376896397,-0.0485127115788,0.1564740494,70599.8667924
270,135.135135135,13.2630255204,30.0585591968,-0.0505255358603,0.155978372071,70629.3189986
271,135.635635636,13.3112282888,30.2802329935,-0.0525517641345,0.155462479253,70658.7834913
272,136.136136136,13.3594243561,30.502710918,-0.054591394538,0.154926236786,70688.2602756
273,136.636636637,13.4076137233,30.7259928584,-0.0566444252079,0.154369510528,70717.7493565
274,137.137137137,13.4557963913,30.950078703,-0.0587108542812,0.153792166356,70747.2507393
275,137.637637638,13.5039723611,31.1749683401,-0.0607906798955,0.153194070165,70776.764429
276,138.138138138,13.5521416335,31.4006616578,-0.0628839001884,0.152575087872,70806.2904307
277,138.638638639,13.6003042095,31.6271585446,-0.064990513298,0.151935085409,70835.8287496
278,139.139139139,13.64846009,31.8544588887,-0.0671105173624,0.151273928729,70865.3793908
279,139.63963964,13.696609276,32.0825625783,-0.0692439105202,0.150591483804,70894.9423595
280,140.14014014,13.7447517683,32.3114695019,-0.0713906909102,0.149887616623,70924.5176607
281,140.640640641,13.792887568,32.5411795478,-0.0735508566712,0.149162193196,70954.1052996
282,141.141141141,13.8410166759,32.7716926042,-0.0757244059428,0.14841507955,70983.7052813
283,141.641641642,13.889139093,33.0030085597,-0.0779113368643,0.147646141732,71013.317611
284,142.142142142,13.9372548202,33.2351273025,-0.0801116475756,0.146855245808,71042.9422938
285,142.642642643,13.9853638584,33.4680487211,-0.0823253362168,0.146042257863,71072.5793348
286,143.143143143,14.0334662086,33.7017727039,-0.0845524009281,0.145207043999,71102.2287393
287,143.643643644,14.0815618717,33.9362991394,-0.0867928398503,0.144349470338,71131.8905122
288,144.144144144,14.1296508486,34.171627916,-0.0890466511241,0.143469403022,71161.5646588
289,144.644644645,14.1777331403,34.4077589221,-0.0913138328907,0.14256670821,71191.2511843
290,145.145145145,14.2258087476,34.6446920462,-0.0935943832914,0.141641252081,71220.9500937
291,145.645645646,14.2738776716,34.8824271769,-0.0958883004679,0.140692900833,71250.6613922
292,146.146146146,14.3219399131,35.1209642026,-0.0981955825621,0.139721520681,71280.385085
293,146.646646647,14.3699954731,35.3603030119,-0.100516227716,0.13872697786,71310.1211772
294,147.147147147,14.4180443524,35.6004434934,-0.102850234072,0.137709138626,71339.8696741
295,147.647647648,14.4660865521,35.8413855343,-0.105197599752,0.136667867796,71369.6305825
296,148.148148148,14.5141220733,36.0831290036,-0.107558322564,0.135603008871,71399.4039368
297,148.648648649,14.5621509166,36.3256738101,-0.109932400994,0.134514451456,71429.1897124
298,149.149149149,14.6101730831,36.5690198421,-0.112319833183,0.133402061868,71458.9879145
299,149.64964965,14.6581885736,36.8131669885,-0.114720617277,0.132265706443,71488.7985482
300,150.15015015,14.7061973891,37.0581151377,-0.117134751418,0.131105251536,71518.6216187
301,150.650650651,14.7541995304,37.3038641784,-0.119562233752,0.129920563521,71548.4571313
302,151.151151151,14.8021949987,37.5504139993,-0.122003062421,0.128711508791,71578.305091
303,151.651651652,14.8501837946,37.7977644891,-0.124457235572,0.127477953756,71608.1655032
304,152.152152152,14.8981659193,38.0459155364,-0.126924751348,0.126219764848,71638.038373
305,152.652652653,14.9461413736,38.29486703,-0.129405607896,0.124936808515,71667.9237055
306,153.153153153,14.9941101584,38.5446188586,-0.131899803359,0.123628951226,71697.821506
307,153.653653654,15.0420722747,38.7951709109,-0.134407335885,0.122296059467,71727.7317797
308,154.154154154,15.0900277233,39.0465230757,-0.136928203618,0.120937999743,71757.6545318
309,154.654654655,15.1379765054,39.2986752418,-0.139462404705,0.119554638581,71787.5897674
310,155.155155155,15.1859186216,39.5516272979,-0.142009937293,0.118145842522,71817.5374919
311,155.655655656,15.233854073,39.8053791328,-0.144570799528,0.11671147813,71847.4977103
312,156.156156156,15.2817828606,40.0599306354,-0.147144989557,0.115251411986,71877.4704279
313,156.656656657,15.3297049851,40.3152816945,-0.149732505527,0.113765510688,71907.4556499
314,157.157157157,15.3776204477,40.5714321989,-0.152333345586,0.112253640858,71937.4533816
315,157.657657658,15.4255292491,40.8283820375,-0.154947507882,0.110715669131,71967.463628
316,158.158158158,15.4734313903,41.0861310992,-0.157574990562,0.109151462165,71997.4863946
317,158.658658659,15.5213268722,41.3446792729,-0.160215791776,0.107560886636,72027.5216863
318,159.159159159,15.5692156958,41.6040264475,-0.16286990967,0.105943809236,72057.5695086
319,159.65965966,15.617097862,41.8641725119,-0.165537342395,0.104300096681,72087.6298665
320,160.16016016,15.6649733717,42.1251173551,-0.168218088099,0.102629615701,72117.7027654
321,160.660660661,15.7128422258,42.386860866,-0.170912144932,0.100932233048,72147.7882104
322,161.161161161,15.7607044253,42.6494029336,-0.173619511043,0.0992078154908,72177.8862068
323,161.661661662,15.8085599711,42.9127434469,-0.176340184582,0.0974562298187,72207.9967598
324,162.162162162,15.8564088641,43.1768822949,-0.179074163699,0.0956773428389,72238.1198746
325,162.662662663,15.9042511052,43.4418193666,-0.181821446544,0.0938710213777,72268.2555565
326,163.163163163,15.9520866954,43.707554551,-0.184582031269,0.0920371322803,72298.4038107
327,163.663663664,15.9999156356,43.9740877373,-0.187355916024,0.0901755424107,72328.5646424
328,164.164164164,16.0477379267,44.2414188144,-0.19014309896,0.0882861186518,72358.7380569
329,164.664664665,16.0955535696,44.5095476716,-0.192943578228,0.0863687279053,72388.9240594
330,165.165165165,16.1433625653,44.7784741977,-0.195757351981,0.0844232370919,72419.1226552
331,165.665665666,16.1911649146,45.0481982821,-0.19858441837,0.0824495131509,72449.3338494
332,166.166166166,16.2389606186,45.3187198138,-0.201424775547,0.0804474230406,72479.5576474
333,166.666666667,16.2867496781,45.5900386819,-0.204278421666,0.0784168337383,72509.7940544
334,167.167167167,16.334532094,45.8621547757,-0.207145354878,0.07635761224,72540.0430756
335,167.667667668,16.3823078673,46.1350679842,-0.210025573336,0.0742696255604,72570.3047163
336,168.168168168,16.4300769989,46.4087781968,-0.212919075195,0.0721527407335,72600.5789818
337,168.668668669,16.4778394898,46.6832853026,-0.215825858606,0.0700068248116,72630.8658772
338,169.169169169,16.5255953408,46.9585891908,-0.218745921725,0.0678317448664,72661.165408
339,169.66966967,16.5733445528,47.2346897507,-0.221679262706,0.0656273679881,72691.4775792
340,170.17017017,16.6210871269,47.5115868715,-0.224625879701,0.0633935612859,72721.8023962
341,170.670670671,16.6688230638,47.7892804425,-0.227585770867,0.0611301918877,72752.1398642
342,171.171171171,16.7165523647,48.0677703531,-0.230558934358,0.0588371269406,72782.4899886
343,171.671671672,16.7642750302,48.3470564924,-0.233545368328,0.0565142336101,72812.8527745
344,172.172172172,16.8119910615,48.6271387498,-0.236545070934,0.0541613790809,72843.2282273
345,172.672672673,16.8597004593,48.9080170148,-0.239558040331,0.0517784305565,72873.6163521
346,173.173173173,16.9074032247,49.1896911765,-0.242584274675,0.0493652552591,72904.0171544
347,173.673673674,16.9550993585,49.4721611244,-0.245623772121,0.0469217204299,72934.4306393
348,174.174174174,17.0027888617,49.7554267479,-0.248676530827,0.044447693329,72964.8568121
349,174.674674675,17.0504717352,50.0394879363,-0.251742548949,0.0419430412351,72995.2956781
350,175.175175175,17.0981479799,50.3243445792,-0.254821824644,0.0394076314461,73025.7472426
351,175.675675676,17.1458175967,50.6099965658,-0.257914356069,0.0368413312786,73056.2115109
352,176.176176176,17.1934805866,50.8964437857,-0.261020141381,0.0342440080679,73086.6884883
353,176.676676677,17.2411369505,51.1836861283,-0.264139178739,0.0316155291684,73117.17818
354,177.177177177,17.2887866893,51.4717234831,-0.2672714663,0.0289557619533,73147.6805913
355,177.677677678,17.3364298039,51.7605557396,-0.270417002223,0.0262645738146,73178.1957275
356,178.178178178,17.3840662952,52.0501827873,-0.273575784665,0.0235418321631,73208.723594
357,178.678678679,17.4316961642,52.3406045157,-0.276747811786,0.0207874044286,73239.2641959
358,179.179179179,17.4793194117,52.6318208144,-0.279933081745,0.0180011580597,73269.8175387
359,179.67967968,17.5269360388,52.9238315729,-0.283131592701,0.0151829605238,73300.3836275
360,180.18018018,17.5745460463,53.2166366808,-0.286343342813,0.0123326793073,73330.9624677
361,180.680680681,17.6221494351,53.5102360277,-0.289568330242,0.00945018191523,73361.5540646
362,181.181181181,17.6697462062,53.8046295031,-0.292806553147,0.00653533587171,73392.1584236
363,181.681681682,17.7173363605,54.0998169968,-0.296058009689,0.00358800871959,73422.7755498
364,182.182182182,17.7649198989,54.3957983983,-0.299322698029,0.000608068020603,73453.4054486
365,182.682682683,17.8124968223,54.6925735973,-0.302600616326,-0.00240461864466,73484.0481253
366,183.183183183,17.8600671316,54.9901424835,-0.305891762743,-0.00545018367674,73514.7035853
367,183.683683684,17.9076308278,55.2885049465,-0.30919613544,-0.00852875945734,73545.3718338
368,184.184184184,17.9551879118,55.587660876,-0.31251373258,-0.0116404783493,73576.0528762
369,184.684684685,18.0027383845,55.8876101618,-0.315844552324,-0.0147854726966,73606.7467177
370,185.185185185,18.0502822468,56.1883526936,-0.319188592834,-0.0179638748243,73637.4533637
371,185.685685686,18.0978194996,56.4898883611,-0.322545852274,-0.0211758170388,73668.1728196
372,186.186186186,18.1453501439,56.792217054,-0.325916328804,-0.0244214316274,73698.9050905
373,186.686686687,18.1928741806,57.0953386623,-0.329300020589,-0.0277008508586,73729.6501819
374,187.187187187,18.2403916105,57.3992530756,-0.332696925792,-0.0310142069823,73760.4080991
375,187.687687688,18.2879024347,57.7039601837,-0.336107042576,-0.0343616322291,73791.1788474
376,188.188188188,18.335406654,58.0094598766,-0.339530369105,-0.0377432588111,73821.9624322
377,188.688688689,18.3829042693,58.3157520439,-0.342966903542,-0.0411592189214,73852.7588587
378,189.189189189,18.4303952816,58.6228365757,-0.346416644053,-0.0446096447343,73883.5681323
379,189.68968969,18.4778796918,58.9307133617,-0.349879588801,-0.0480946684052,73914.3902583
380,190.19019019,18.5253575007,59.2393822918,-0.353355735952,-0.0516144220706,73945.2252421
381,190.690690691,18.5728287094,59.548843256,-0.35684508367,-0.0551690378482,73976.0730891
382,191.191191191,18.6202933187,59.8590961442,-0.360347630121,-0.0587586478369,74006.9338044
383,191.691691692,18.6677513296,60.1701408462,-0.36386337347,-0.0623833841166,74037.8073936
384,192.192192192,18.715202743,60.4819772521,-0.367392311884,-0.0660433787485,74068.6938619
385,192.692692693,18.7626475597,60.7946052518,-0.370934443528,-0.0697387637748,74099.5932148
386,193.193193193,18.8100857807,61.1080247353,-0.374489766568,-0.0734696712189,74130.5054574
387,193.693693694,18.857517407,61.4222355925,-0.378058279172,-0.0772362330854,74161.4305952
388,194.194194194,18.9049424393,61.7372377136,-0.381639979505,-0.08103858136,74192.3686336
389,194.694694695,18.9523608788,62.0530309885,-0.385234865736,-0.0848768480095,74223.3195779
390,195.195195195,18.9997727262,62.3696153072,-0.388842936032,-0.0887511649818,74254.2834334
391,195.695695696,19.0471779825,62.6869905599,-0.39246418856,-0.0926616642062,74285.2602055
392,196.196196196,19.0945766485,63.0051566366,-0.396098621488,-0.0966084775929,74316.2498996
393,196.696696697,19.1419687253,63.3241134274,-0.399746232984,-0.100591737033,74347.2525211
394,197.197197197,19.1893542138,63.6438608223,-0.403407021218,-0.1046115744,74378.2680752
395,197.697697698,19.2367331148,63.9643987116,-0.407080984357,-0.108668121546,74409.2965674
396,198.198198198,19.2841054292,64.2857269854,-0.410768120571,-0.112761510307,74440.338003
397,198.698698699,19.331471158,64.6078455338,-0.414468428028,-0.116891872499,74471.3923874
398,199.199199199,19.3788303021,64.930754247,-0.418181904899,-0.121059339919,74502.459726
399,199.6996997,19.4261828625,65.2544530151,-0.421908549353,-0.125264044345,74533.5400241
400,200.2002002,19.4735288399,65.5789417284,-0.425648359559,-0.129506117537,74564.6332872
401,200.700700701,19.5208682354,65.9042202771,-0.42940133369,-0.133785691234,74595.7395205
402,201.201201201,19.5682010498,66.2302885514,-0.433167469914,-0.138102897159,74626.8587295
403,201.701701702,19.6155272841,66.5571464416,-0.436946766403,-0.142457867015,74657.9909196
404,202.202202202,19.6628469392,66.8847938379,-0.440739221328,-0.146850732486,74689.1360961
405,202.702702703,19.710160016,67.2132306307,-0.44454483286,-0.151281625236,74720.2942645
406,203.203203203,19.7574665154,67.5424567101,-0.44836359917,-0.155750676912,74751.46543
407,203.703703704,19.8047664383,67.8724719665,-0.452195518432,-0.160258019142,74782.6495982
408,204.204204204,19.8520597857,68.2032762903,-0.456040588816,-0.164803783533,74813.8467743
409,204.704704705,19.8993465584,68.5348695718,-0.459898808495,-0.169388101676,74845.0569639
410,205.205205205,19.9466267574,68.8672517014,-0.463770175642,-0.174011105142,74876.2801722
411,205.705705706,19.9939003835,69.2004225693,-0.467654688429,-0.178672925482,74907.5164047
412,206.206206206,20.0411674378,69.5343820661,-0.47155234503,-0.183373694229,74938.7656667
413,206.706706707,20.088427921,69.869130082,-0.475463143619,-0.188113542898,74970.0279637
414,207.207207207,20.1356818342,70.2046665076,-0.479387082368,-0.192892602985,75001.3033011
415,207.707707708,20.1829291782,70.5409912333,-0.483324159453,-0.197711005965,75032.5916843
416,208.208208208,20.2301699539,70.8781041495,-0.487274373046,-0.202568883297,75063.8931187
417,208.708708709,20.2774041624,71.2160051467,-0.491237721323,-0.207466366419,75095.2076097
418,209.209209209,20.3246318043,71.5546941154,-0.495214202459,-0.212403586751,75126.5351626
419,209.70970971,20.3718528808,71.894170946,-0.499203814628,-0.217380675695,75157.875783
420,210.21021021,20.4190673927,72.2344355292,-0.503206556005,-0.222397764632,75189.2294762
421,210.710710711,20.4662753408,72.5754877553,-0.507222424766,-0.227454984927,75220.5962477
422,211.211211211,20.5134767262,72.917327515,-0.511251419088,-0.232552467923,75251.9761028
423,211.711711712,20.5606715497,73.2599546989,-0.515293537145,-0.237690344946,75283.369047
424,212.212212212,20.6078598123,73.6033691975,-0.519348777115,-0.242868747303,75314.7750857
425,212.712712713,20.6550415148,73.9475709013,-0.523417137173,-0.248087806283,75346.1942243
426,213.213213213,20.7022166582,74.2925597011,-0.527498615497,-0.253347653154,75377.6264682
427,213.713713714,20.7493852434,74.6383354874,-0.531593210264,-0.258648419166,75409.071823
428,214.214214214,20.7965472712,74.9848981509,-0.535700919651,-0.263990235551,75440.5302939
429,214.714714715,20.8437027427,75.3322475823,-0.539821741836,-0.269373233522,75472.0018865
430,215.215215215,20.8908516587,75.6803836721,-0.543955674997,-0.274797544272,75503.4866062
431,215.715715716,20.9379940201,76.0293063112,-0.548102717311,-0.280263298976,75534.9844583
432,216.216216216,20.9851298278,76.3790153901,-0.552262866957,-0.285770628789,75566.4954484
433,216.716716717,21.0322590828,76.7295107997,-0.556436122115,-0.29131966485,75598.0195819
434,217.217217217,21.079381786,77.0807924107,-0.560622480626,-0.296910561877,75629.5568821
435,217.717717718,21.1264979388,77.4328600903,-0.564821940273,-0.30254347885,75661.1073757
436,218.218218218,21.1736075415,77.7857137706,-0.569034499929,-0.308218498135,75692.671031
437,218.718718719,21.2207105951,78.1393533421,-0.573260157773,-0.313935750844,75724.2478537
438,219.219219219,21.2678071006,78.4937786956,-0.577498911984,-0.319695368068,75755.8378491
439,219.71971972,21.3148970587,78.848989722,-0.581750760743,-0.325497480883,75787.4410228
440,220.22022022,21.3619804705,79.2049863119,-0.586015702228,-0.331342220344,75819.0573802
441,220.720720721,21.4090573369,79.5617683562,-0.590293734619,-0.33722971749,75850.6869269
442,221.221221221,21.4561276587,79.9193357458,-0.594584856098,-0.343160103338,75882.3296683
443,221.721721722,21.5031914369,80.2776883714,-0.598889064844,-0.34913350889,75913.98561
444,222.222222222,21.5502486723,80.6368261239,-0.603206359039,-0.355150065128,75945.6547574
445,222.722722723,21.597299366,80.9967488941,-0.607536736863,-0.361209903015,75977.337116
446,223.223223223,21.6443435187,81.357456573,-0.611880196497,-0.367313153497,76009.0326914
447,223.723723724,21.6913811314,81.7189490514,-0.616236736124,-0.373459947499,76040.741489
448,224.224224224,21.7384122051,82.0812262203,-0.620606353925,-0.379650415932,76072.4635144
449,224.724724725,21.7854367406,82.4442879705,-0.624989048083,-0.385884689683,76104.198773
450,225.225225225,21.8324547388,82.8081341931,-0.629384816779,-0.392162899625,76135.9472705
451,225.725725726,21.8794662006,83.1727647789,-0.633793658196,-0.39848517661,76167.7090122
452,226.226226226,21.926471127,83.5381796189,-0.638215570517,-0.404851651473,76199.4840037
453,226.726726727,21.9734695188,83.9043786042,-0.642650551925,-0.411262455028,76231.2722506
454,227.227227227,22.020461377,84.2713616257,-0.647098600604,-0.417717718075,76263.0737583
455,227.727727728,22.0674467025,84.6391285744,-0.651559714737,-0.424217571391,76294.8885324
456,228.228228228,22.1144254962,85.0076793414,-0.656033892507,-0.430762145738,76326.7165784
457,228.728728729,22.1613977589,85.3770138178,-0.660521132101,-0.437351571856,76358.5579018
458,229.229229229,22.2083634917,85.7471318945,-0.6650214317,-0.44398598047,76390.4125081
459,229.72972973,22.2553226953,86.1180334627,-0.669534789491,-0.450665502284,76422.280403
460,230.23023023,22.3022753708,86.4897184134,-0.674061203658,-0.457390267986,76454.1615919
461,230.730730731,22.349221519,86.8621866379,-0.678600672387,-0.464160408242,76486.0560803
462,231.231231231,22.3961611408,87.2354380271,-0.683153193862,-0.470976053703,76517.9638739
463,231.731731732,22.4430942372,87.6094724722,-0.687718766269,-0.477837335,76549.884978
464,232.232232232,22.4900208089,87.9842898645,-0.692297387795,-0.484744382745,76581.8193984
465,232.732732733,22.5369408571,88.359890095,-0.696889056625,-0.491697327533,76613.7671405
466,233.233233233,22.5838543825,88.736273055,-0.701493770947,-0.498696299939,76645.7282099
467,233.733733734,22.630761386,89.1134386356,-0.706111528946,-0.505741430521,76677.7026121
468,234.234234234,22.6776618686,89.4913867281,-0.71074232881,-0.512832849817,76709.6903527
469,234.734734735,22.7245558312,89.8701172237,-0.715386168726,-0.519970688347,76741.6914372
470,235.235235235,22.7714432747,90.2496300137,-0.720043046881,-0.527155076614,76773.7058712
471,235.735735736,22.8183241999,90.6299249893,-0.724712961463,-0.5343861451,76805.7336602
472,236.236236236,22.8651986079,91.0110020418,-0.72939591066,-0.541664024271,76837.7748099
473,236.736736737,22.9120664994,91.3928610624,-0.734091892661,-0.548988844572,76869.8293257
474,237.237237237,22.9589278755,91.7755019426,-0.738800905654,-0.556360736433,76901.8972133
475,237.737737738,23.005782737,92.1589245736,-0.743522947827,-0.563779830261,76933.9784782
476,238.238238238,23.0526310847,92.5431288468,-0.748258017369,-0.571246256449,76966.0731259
477,238.738738739,23.0994729197,92.9281146535,-0.753006112471,-0.578760145369,76998.1811621
478,239.239239239,23.1463082429,93.3138818851,-0.757767231321,-0.586321627374,77030.3025923
479,239.73973974,23.193137055,93.700430433,-0.76254137211,-0.5939308328,77062.4374221
480,240.24024024,23.2399593571,94.0877601886,-0.767328533026,-0.601587891965,77094.5856571
481,240.740740741,23.28677515,94.4758710433,-0.772128712261,-0.609292935166,77126.7473029
482,241.241241241,23.3335844347,94.8647628885,-0.776941908006,-0.617046092685,77158.9223649
483,241.741741742,23.380387212,95.2544356157,-0.78176811845,-0.624847494782,77191.110849
484,242.242242242,23.4271834829,95.6448891163,-0.786607341785,-0.632697271701,77223.3127605
485,242.742742743,23.4739732483,96.0361232819,-0.791459576203,-0.640595553666,77255.5281051
486,243.243243243,23.520756509,96.4281380039,-0.796324819894,-0.648542470885,77287.7568884
487,243.743743744,23.5675332659,96.8209331739,-0.801203071051,-0.656538153544,77319.999116
488,244.244244244,23.6143035201,97.2145086833,-0.806094327867,-0.664582731812,77352.2547935
489,244.744744745,23.6610672723,97.6088644237,-0.810998588532,-0.672676335841,77384.5239264
490,245.245245245,23.7078245235,98.0040002867,-0.81591585124,-0.680819095763,77416.8065205
491,245.745745746,23.7545752746,98.3999161638,-0.820846114184,-0.689011141692,77449.1025812
492,246.246246246,23.8013195264,98.7966119466,-0.825789375556,-0.697252603723,77481.4121142
493,246.746746747,23.84805728,99.1940875268,-0.830745633551,-0.705543611934,77513.7351251
494,247.247247247,23.8947885361,99.5923427959,-0.835714886362,-0.713884296381,77546.0716195
495,247.747747748,23.9415132958,99.9913776455,-0.840697132182,-0.722274787107,77578.421603
496,248.248248248,23.9882315598,100.391191967,-0.845692369206,-0.730715214131,77610.7850813
497,248.748748749,24.0349433291,100.791785653,-0.850700595629,-0.739205707458,77643.1620599
498,249.249249249,24.0816486047,101.193158595,-0.855721809644,-0.747746397071,77675.5525445
499,249.74974975,24.1283473873,101.595310683,-0.860756009447,-0.756337412936,77707.9565406
500,250.25025025,24.175039678,101.998241811,-0.865803193233,-0.764978885002,77740.374054
501,250.750750751,24.2217254776,102.401951869,-0.870863359198,-0.773670943198,77772.8050902
502,251.251251251,24.2684047869,102.80644075,-0.875936505537,-0.782413717433,77805.2496548
503,251.751751752,24.315077607,103.211708345,-0.881022630446,-0.791207337601,77837.7077535
504,252.252252252,24.3617439387,103.617754545,-0.886121732121,-0.800051933575,77870.179392
505,252.752752753,24.408403783,104.024579244,-0.891233808759,-0.80894763521,77902.6645758
506,253.253253253,24.4550571406,104.432182332,-0.896358858556,-0.817894572342,77935.1633106
507,253.753753754,24.5017040126,104.840563702,-0.90149687971,-0.826892874792,77967.675602
508,254.254254254,24.5483443998,105.249723244,-0.906647870417,-0.835942672357,78000.2014557
509,254.754754755,24.5949783031,105.659660852,-0.911811828876,-0.84504409482,78032.7408773
510,255.255255255,24.6416057235,106.070376417,-0.916988753283,-0.854197271943,78065.2938724
511,255.755755756,24.6882266617,106.481869831,-0.922178641838,-0.86340233347,78097.8604468
512,256.256256256,24.7348411188,106.894140985,-0.927381492737,-0.872659409129,78130.440606
513,256.756756757,24.7814490957,107.307189772,-0.93259730418,-0.881968628625,78163.0343557
514,257.257257257,24.8280505931,107.721016083,-0.937826074366,-0.891330121649,78195.6417015
515,257.757757758,24.8746456121,108.135619811,-0.943067801493,-0.90074401787,78228.2626492
516,258.258258258,24.9212341535,108.551000847,-0.948322483761,-0.910210446941,78260.8972043
517,258.758758759,24.9678162183,108.967159084,-0.953590119369,-0.919729538495,78293.5453725
518,259.259259259,25.0143918072,109.384094413,-0.958870706516,-0.929301422147,78326.2071596
519,259.75975976,25.0609609213,109.801806726,-0.964164243405,-0.938926227494,78358.882571
520,260.26026026,25.1075235615,110.220295916,-0.969470728233,-0.948604084115,78391.5716127
521,260.760760761,25.1540797285,110.639561875,-0.974790159202,-0.958335121568,78424.27429
522,261.261261261,25.2006294234,111.059604493,-0.980122534514,-0.968119469394,78456.9906089
523,261.761761762,25.2471726471,111.480423665,-0.985467852368,-0.977957257118,78489.7205749
524,262.262262262,25.2937094003,111.902019281,-0.990826110966,-0.987848614242,78522.4641937
525,262.762762763,25.3402396841,112.324391234,-0.99619730851,-0.997793670253,78555.2214709
526,263.263263263,25.3867634993,112.747539415,-1.0015814432,-1.00779255462,78587.9924124
527,263.763763764,25.433280847,113.171463701,-1.00697851296,-1.01784541664,78620.7770333
528,264.264264264,25.4797917281,113.596163968,-1.01238851574,-1.02795240374,78653.5753482
529,264.764764765,25.5262961434,114.021640139,-1.01781145025,-1.03811360973,78686.3873454
530,265.265265265,25.5727940937,114.447892106,-1.02324731468,-1.04832916405,78719.2130306
531,265.765765766,25.61928558,114.87491976,-1.02869610723,-1.05859919609,78752.0524096
532,266.266266266,25.6657706031,115.302722994,-1.03415782612,-1.06892383527,78784.9054879
533,266.766766767,25.712249164,115.731301699,-1.03963246954,-1.07930321095,78817.7722714
534,267.267267267,25.7587212634,116.16065577,-1.0451200357,-1.0897374525,78850.6527658
535,267.767767768,25.8051869024,116.590785096,-1.0506205228,-1.10022668927,78883.5469768
536,268.268268268,25.8516460819,117.021689572,-1.05613392905,-1.11077105056,78916.4549101
537,268.768768769,25.8980988026,117.453369088,-1.06166025264,-1.12137066569,78949.3765714
538,269.269269269,25.9445450656,117.885823537,-1.06719949179,-1.13202566394,78982.3119665
539,269.76976977,25.9909848717,118.319052812,-1.07275164469,-1.14273617459,79015.2611011
540,270.27027027,26.0374182218,118.753056805,-1.07831670956,-1.15350232688,79048.2239809
541,270.770770771,26.0838451168,119.187835408,-1.08389468459,-1.16432425005,79081.2006116
542,271.271271271,26.1302655577,119.623388513,-1.089485568,-1.17520207331,79114.190999
543,271.771771772,26.1766795452,120.059716013,-1.09508935799,-1.18613592585,79147.1951489
544,272.272272272,26.2230870804,120.4968178,-1.10070605276,-1.19712593686,79180.2130669
545,272.772772773,26.2694881641,120.934693766,-1.10633565052,-1.20817223549,79213.2447588
546,273.273273273,26.3158827971,121.373343804,-1.11197814948,-1.21927495088,79246.2902304
547,273.773773774,26.3622709805,121.812767807,-1.11763354784,-1.23043421216,79279.3494874
548,274.274274274,26.4086527151,122.252965666,-1.12330184381,-1.24165014844,79312.4225355
549,274.774774775,26.4550280017,122.693937274,-1.1289830356,-1.25292288879,79345.5093806
550,275.275275275,26.5013968414,123.135682524,-1.13467712142,-1.26425256229,79378.6100283
551,275.775775776,26.5477592349,123.578201307,-1.14038409946,-1.27563929799,79411.7244844
552,276.276276276,26.5941151832,124.021493517,-1.14610396795,-1.28708322493,79444.8527546
553,276.776776777,26.6404646872,124.465559046,-1.15183672509,-1.2985844721,79477.9948449
554,277.277277277,26.6868077477,124.910397787,-1.15758236908,-1.31014316852,79511.1507608
555,277.777777778,26.7331443657,125.356009631,-1.16334089814,-1.32175944316,79544.3205081
556,278.278278278,26.7794745421,125.802394472,-1.16911231047,-1.33343342497,79577.5040927
557,278.778778779,26.8257982778,126.249552202,-1.17489660429,-1.3451652429,79610.7015203
558,279.279279279,26.8721155736,126.697482713,-1.1806937778,-1.35695502588,79643.9127967
559,279.77977978,26.9184264304,127.146185899,-1.18650382921,-1.3688029028,79677.1379276
560,280.28028028,26.9647308492,127.595661652,-1.19232675674,-1.38070900255,79710.3769189
561,280.780780781,27.0110288308,128.045909863,-1.19816255859,-1.39267345401,79743.6297762
562,281.281281281,27.0573203762,128.496930427,-1.20401123297,-1.40469638602,79776.8965055
563,281.781781782,27.1036054862,128.948723236,-1.20987277809,-1.41677792742,79810.1771124
564,282.282282282,27.1498841617,129.401288181,-1.21574719217,-1.42891820701,79843.4716028
565,282.782782783,27.1961564036,129.854625157,-1.22163447342,-1.4411173536,79876.7799825
566,283.283283283,27.2424222128,130.308734056,-1.22753462004,-1.45337549596,79910.1022571
567,283.783783784,27.2886815903,130.763614769,-1.23344763025,-1.46569276285,79943.4384327
568,284.284284284,27.3349345368,131.219267191,-1.23937350227,-1.47806928302,79976.7885148
569,284.784784785,27.3811810534,131.675691214,-1.24531223429,-1.49050518518,80010.1525094
570,285.285285285,27.4274211408,132.13288673,-1.25126382454,-1.50300059804,80043.5304222
571,285.785785786,27.4736548,132.590853632,-1.25722827123,-1.51555565028,80076.9222591
572,286.286286286,27.5198820319,133.049591814,-1.26320557257,-1.52817047058,80110.3280258
573,286.786786787,27.5661028373,133.509101167,-1.26919572678,-1.54084518759,80143.7477281
574,287.287287287,27.6123172172,133.969381586,-1.27519873206,-1.55357992994,80177.1813719
575,287.787787788,27.6585251725,134.430432961,-1.28121458663,-1.56637482624,80210.628963
576,288.288288288,27.704726704,134.892255187,-1.28724328871,-1.57923000508,80244.0905072
577,288.788788789,27.7509218126,135.354848156,-1.29328483651,-1.59214559505,80277.5660103
578,289.289289289,27.7971104993,135.818211761,-1.29933922824,-1.6051217247,80311.0554781
579,289.78978979,27.8432927649,136.282345896,-1.30540646212,-1.61815852258,80344.5589164
580,290.29029029,27.8894686104,136.747250452,-1.31148653637,-1.6312561172,80378.0763312
581,290.790790791,27.9356380365,137.212925322,-1.31757944919,-1.64441463708,80411.6077281
582,291.291291291,27.9818010442,137.679370401,-1.32368519881,-1.6576342107,80445.153113
583,291.791791792,28.0279576345,138.14658558,-1.32980378344,-1.67091496652,80478.7124919
584,292.292292292,28.0741078081,138.614570752,-1.33593520129,-1.684257033,80512.2858704
585,292.792792793,28.120251566,139.083325812,-1.34207945059,-1.69766053858,80545.8732544
586,293.293293293,28.1663889091,139.55285065,-1.34823652954,-1.71112561165,80579.4746498
587,293.793793794,28.2125198382,140.023145162,-1.35440643637,-1.72465238062,80613.0900624
588,294.294294294,28.2586443543,140.494209239,-1.3605891693,-1.73824097387,80646.7194981
589,294.794794795,28.3047624582,140.966042774,-1.36678472653,-1.75189151976,80680.3629627
590,295.295295295,28.3508741509,141.438645661,-1.37299310629,-1.76560414662,80714.020462
591,295.795795796,28.3969794332,141.912017793,-1.37921430679,-1.77937898278,80747.6920019
592,296.296296296,28.443078306,142.386159063,-1.38544832626,-1.79321615654,80781.3775882
593,296.796796797,28.4891707702,142.861069363,-1.39169516291,-1.8071157962,80815.0772269
594,297.297297297,28.5352568268,143.336748587,-1.39795481495,-1.82107803001,80848.7909237
595,297.797797798,28.5813364765,143.813196629,-1.40422728062,-1.83510298623,80882.5186845
596,298.298298298,28.6274097203,144.290413381,-1.41051255812,-1.84919079309,80916.2605153
597,298.798798799,28.673476559,144.768398736,-1.41681064568,-1.8633415788,80950.0164217
598,299.299299299,28.7195369937,145.247152588,-1.42312154152,-1.87755547157,80983.7864098
599,299.7997998,28.7655910251,145.72667483,-1.42944524385,-1.89183259956,81017.5704854
600,300.3003003,28.8116386541,146.206965354,-1.43578175089,-1.90617309093,81051.3686543
601,300.800800801,28.8576798816,146.688024055,-1.44213106087,-1.92057707384,81085.1809224
602,301.301301301,28.9037147086,147.169850825,-1.44849317201,-1.93504467639,81119.0072957
603,301.801801802,28.9497431359,147.652445558,-1.45486808253,-1.94957602669,81152.8477799
604,302.302302302,28.9957651644,148.135808147,-1.46125579064,-1.96417125284,81186.702381
605,302.802802803,29.041780795,148.619938485,-1.46765629458,-1.97883048289,81220.5711048
606,303.303303303,29.0877900285,149.104836466,-1.47406959255,-1.99355384491,81254.4539573
607,303.803803804,29.133792866,149.590501982,-1.48049568279,-2.00834146691,81288.3509442
608,304.304304304,29.1797893082,150.076934927,-1.48693456351,-2.02319347691,81322.2620716
609,304.804804805,29.225779356,150.564135195,-1.49338623294,-2.03811000292,81356.1873453
610,305.305305305,29.2717630104,151.052102679,-1.4998506893,-2.0530911729,81390.1267712
611,305.805805806,29.3177402722,151.540837272,-1.50632793081,-2.06813711481,81424.0803552
612,306.306306306,29.3637111423,152.030338867,-1.5128179557,-2.0832479566,81458.0481031
613,306.806806807,29.4096756216,152.520607359,-1.51932076219,-2.09842382619,81492.030021
614,307.307307307,29.455633711,153.01164264,-1.5258363485,-2.11366485149,81526.0261146
615,307.807807808,29.5015854113,153.503444603,-1.53236471285,-2.12897116037,81560.0363899
616,308.308308308,29.5475307236,153.996013143,-1.53890585348,-2.14434288071,81594.0608529
617,308.808808809,29.5934696486,154.489348153,-1.54545976859,-2.15978014035,81628.0995094
618,309.309309309,29.6394021872,154.983449525,-1.55202645643,-2.17528306714,81662.1523653
619,309.80980981,29.6853283404,155.478317155,-1.55860591521,-2.19085178887,81696.2194266
620,310.31031031,29.731248109,155.973950921,-1.56519814294,-2.20648645007,81730.300704
621,310.810810811,29.7771614942,156.470350707,-1.57180313768,-2.22218718976,81764.3962069
622,311.311311311,29.8230684966,156.967516429,-1.57842089801,-2.23795410949,81798.5059334
623,311.811811812,29.8689691171,157.46544798,-1.58505142217,-2.25378733701,81832.6298895
624,312.312312312,29.9148633565,157.964145254,-1.59169470838,-2.26968700008,81866.7680811
625,312.812812813,29.9607512158,158.463608144,-1.59835075485,-2.28565322644,81900.9205141
626,313.313313313,30.0066326959,158.963836545,-1.60501955983,-2.30168614381,81935.0871944
627,313.813813814,30.0525077976,159.464830349,-1.61170112153,-2.31778587988,81969.2681281
628,314.314314314,30.0983765218,159.96658945,-1.61839543819,-2.33395256233,82003.4633211
629,314.814814815,30.1442388694,160.469113741,-1.62510250802,-2.35018631883,82037.6727793
630,315.315315315,30.1900948414,160.972403118,-1.63182232926,-2.36648727702,82071.8965086
631,315.815815816,30.2359444385,161.476457472,-1.63855490013,-2.38285556453,82106.1345151
632,316.316316316,30.2817876617,161.981276698,-1.64530021887,-2.39929130898,82140.3868046
633,316.816816817,30.3276245118,162.486860689,-1.65205828369,-2.41579463794,82174.6533832
634,317.317317317,30.3734549898,162.993209339,-1.65882909284,-2.43236567899,82208.9342568
635,317.817817818,30.4192790965,163.500322543,-1.66561264452,-2.4490045597,82243.2294313
636,318.318318318,30.4650968328,164.008200192,-1.67240893699,-2.46571140759,82277.5389127
637,318.818818819,30.5109081996,164.516842182,-1.67921796845,-2.48248635019,82311.862707
638,319.319319319,30.5567131978,165.026248406,-1.68603973715,-2.499329515,82346.2008202
639,319.81981982,30.6025118283,165.536418757,-1.69287424131,-2.5162410295,82380.5532582
640,320.32032032,30.6483040919,166.04735313,-1.69972147916,-2.53322102115,82414.920027
641,320.820820821,30.6940899896,166.559051418,-1.70658144893,-2.55026961741,82449.3011326
642,321.321321321,30.7398695222,167.071513516,-1.71345414886,-2.5673869457,82483.696581
643,321.821821822,30.7856426906,167.584739316,-1.72033957716,-2.58457313344,82518.1063781
644,322.322322322,30.8314094957,168.098728713,-1.72723773208,-2.60182830802,82552.5305299
645,322.822822823,30.8771699383,168.613481601,-1.73414861184,-2.61915259681,82586.9690425
646,323.323323323,30.9229240195,169.128997873,-1.74107221468,-2.63654612717,82621.4219217
647,323.823823824,30.9686717399,169.645277423,-1.74800853882,-2.65400902644,82655.8891737
648,324.324324324,31.0144131006,170.162320146,-1.7549575825,-2.67154142195,82690.3708043
649,324.824824825,31.0601481025,170.680125935,-1.76191934395,-2.68914344099,82724.8668196
650,325.325325325,31.1058767463,171.198694684,-1.76889382141,-2.70681521086,82759.3772256
651,325.825825826,31.151599033,171.718026287,-1.77588101309,-2.72455685882,82793.9020283
652,326.326326326,31.1973149635,172.238120638,-1.78288091725,-2.74236851212,82828.4412337
653,326.826826827,31.2430245386,172.758977631,-1.7898935321,-2.76025029799,82862.9948478
654,327.327327327,31.2887277592,173.28059716,-1.79691885588,-2.77820234364,82897.5628765
655,327.827827828,31.3344246263,173.802979119,-1.80395688684,-2.79622477628,82932.145326
656,328.328328328,31.3801151407,174.326123403,-1.81100762319,-2.81431772308,82966.7422023
657,328.828828829,31.4257993032,174.850029904,-1.81807106317,-2.8324813112,83001.3535112
658,329.329329329,31.4714771149,175.374698517,-1.82514720503,-2.85071566777,83035.9792589
659,329.82982983,31.5171485764,175.900129136,-1.83223604698,-2.86902091994,83070.6194515
660,330.33033033,31.5628136888,176.426321656,-1.83933758727,-2.88739719479,83105.2740948
661,330.830830831,31.608472453,176.953275969,-1.84645182414,-2.90584461943,83139.9431949
662,331.331331331,31.6541248697,177.480991972,-1.85357875581,-2.92436332091,83174.6267579
663,331.831831832,31.6997709399,178.009469556,-1.86071838052,-2.9429534263,83209.3247898
664,332.332332332,31.7454106644,178.538708618,-1.86787069651,-2.96161506262,83244.0372966
665,332.832832833,31.7910440442,179.06870905,-1.87503570202,-2.98034835689,83278.7642844
666,333.333333333,31.8366710801,179.599470748,-1.88221339527,-2.99915343612,83313.5057592
667,333.833833834,31.8822917731,180.130993604,-1.88940377452,-3.01803042727,83348.261727
668,334.334334334,31.9279061239,180.663277514,-1.89660683798,-3.03697945731,83383.0321938
669,334.834834835,31.9735141335,181.196322371,-1.90382258391,-3.0560006532,83417.8171658
670,335.335335335,32.0191158027,181.730128071,-1.91105101053,-3.07509414184,83452.616649
671,335.835835836,32.0647111325,182.264694506,-1.91829211608,-3.09426005015,83487.4306494
672,336.336336336,32.1103001237,182.800021572,-1.92554589881,-3.11349850503,83522.259173
673,336.836836837,32.1558827771,183.336109162,-1.93281235695,-3.13280963334,83557.102226
674,337.337337337,32.2014590938,183.872957171,-1.94009148874,-3.15219356193,83591.9598143
675,337.837837838,32.2470290745,184.410565494,-1.94738329241,-3.17165041765,83626.8319441
676,338.338338338,32.2925927202,184.948934024,-1.95468776621,-3.19118032731,83661.7186214
677,338.838838839,32.3381500316,185.488062655,-1.96200490837,-3.21078341772,83696.6198522
678,339.339339339,32.3837010098,186.027951283,-1.96933471713,-3.23045981565,83731.5356426
679,339.83983984,32.4292456555,186.568599802,-1.97667719074,-3.25020964787,83766.4659988
680,340.34034034,32.4747839697,187.110008105,-1.98403232743,-3.27003304112,83801.4109267
681,340.840840841,32.5203159533,187.652176088,-1.99140012544,-3.28993012214,83836.3704325
682,341.341341341,32.5658416071,188.195103644,-1.99878058302,-3.30990101764,83871.3445222
683,341.841841842,32.6113609319,188.738790669,-2.00617369839,-3.3299458543,83906.3332018
684,342.342342342,32.6568739288,189.283237056,-2.01357946981,-3.35006475881,83941.3364776
685,342.842842843,32.7023805985,189.8284427,-2.02099789552,-3.37025785781,83976.3543555
686,343.343343343,32.7478809419,190.374407496,-2.02842897374,-3.39052527795,84011.3868417
687,343.843843844,32.7933749599,190.921131338,-2.03587270274,-3.41086714585,84046.4339421
688,344.344344344,32.8388626535,191.46861412,-2.04332908074,-3.4312835881,84081.495663
689,344.844844845,32.8843440234,192.016855737,-2.050798106,-3.45177473131,84116.5720104
690,345.345345345,32.9298190706,192.565856084,-2.05827977674,-3.47234070202,84151.6629905
691,345.845845846,32.9752877959,193.115615055,-2.06577409122,-3.4929816268,84186.7686092
692,346.346346346,33.0207502002,193.666132544,-2.07328104768,-3.51369763217,84221.8888727
693,346.846846847,33.0662062844,194.217408447,-2.08080064436,-3.53448884464,84257.0237872
694,347.347347347,33.1116560494,194.769442657,-2.0883328795,-3.55535539071,84292.1733586
695,347.847847848,33.157099496,195.32223507,-2.09587775135,-3.57629739686,84327.3375932
696,348.348348348,33.2025366252,195.87578558,-2.10343525815,-3.59731498954,84362.516497
697,348.848848849,33.2479674377,196.430094082,-2.11100539814,-3.6184082952,84397.7100761
698,349.349349349,33.2933919346,196.985160469,-2.11858816957,-3.63957744025,84432.9183367
699,349.84984985,33.3388101166,197.540984638,-2.12618357068,-3.66082255111,84468.1412849
700,350.35035035,33.3842219846,198.097566483,-2.13379159972,-3.68214375416,84503.3789267
701,350.850850851,33.4296275395,198.654905897,-2.14141225494,-3.70354117577,84538.6312684
702,351.351351351,33.4750267823,199.213002777,-2.14904553457,-3.72501494228,84573.898316
703,351.851851852,33.5204197137,199.771857017,-2.15669143686,-3.74656518005,84609.1800756
704,352.352352352,33.5658063346,200.331468511,-2.16434996006,-3.76819201537,84644.4765535
705,352.852852853,33.611186646,200.891837154,-2.17202110241,-3.78989557454,84679.7877557
706,353.353353353,33.6565606487,201.452962841,-2.17970486217,-3.81167598385,84715.1136883
707,353.853853854,33.7019283435,202.014845467,-2.18740123757,-3.83353336956,84750.4543575
708,354.354354354,33.7472897314,202.577484927,-2.19511022687,-3.8554678579,84785.8097694
709,354.854854855,33.7926448132,203.140881115,-2.2028318283,-3.87747957511,84821.1799302
710,355.355355355,33.8379935899,203.705033926,-2.21056604013,-3.89956864739,84856.564846
711,355.855855856,33.8833360622,204.269943256,-2.21831286058,-3.92173520092,84891.964523
712,356.356356356,33.9286722311,204.835608998,-2.22607228792,-3.9439793619,84927.3789673
713,356.856856857,33.9740020976,205.402031026,-2.23384432003,-3.96630128246,84962.808194
714,357.357357357,34.0193256627,205.969209226,-2.24162895497,-3.98870110103,84998.2522136
715,357.857857858,34.0646429269,206.537143521,-2.24942619151,-4.01117890785,85033.7110197
716,358.358358358,34.1099538913,207.105833806,-2.25723602789,-4.03373482905,85069.1846187
717,358.858858859,34.1552585566,207.675279977,-2.26505846235,-4.05636899077,85104.6730165
718,359.359359359,34.2005569238,208.245481928,-2.27289349316,-4.07908151909,85140.1762195
719,359.85985986,34.2458489936,208.816439554,-2.28074111855,-4.10187254011,85175.6942338
720,360.36036036,34.291134767,209.388152751,-2.28860133677,-4.12474217988,85211.2270655
721,360.860860861,34.3364142449,209.960621412,-2.29647414609,-4.14769056446,85246.7747209
722,361.361361361,34.3816874282,210.533845434,-2.30435954473,-4.17071781988,85282.3372062
723,361.861861862,34.4269543176,211.107824711,-2.31225753096,-4.19382407216,85317.9145274
724,362.362362362,34.4722149141,211.682559138,-2.32016810303,-4.21700944727,85353.5066909
725,362.862862863,34.5174692186,212.258048609,-2.32809125918,-4.24027407121,85389.1137028
726,363.363363363,34.5627172319,212.834293022,-2.33602699766,-4.26361806993,85424.7355693
727,363.863863864,34.6079589549,213.411292269,-2.34397531673,-4.28704156938,85460.3722966
728,364.364364364,34.6531943885,213.989046246,-2.35193621464,-4.31054469547,85496.0238909
729,364.864864865,34.6984235336,214.567554849,-2.35990968964,-4.33412757412,85531.6903584
730,365.365365365,34.7436463909,215.146817973,-2.36789573998,-4.35779033121,85567.3717053
731,365.865865866,34.7888629615,215.726835511,-2.37589436391,-4.38153309262,85603.0679379
732,366.366366366,34.8340732462,216.307607361,-2.38390555968,-4.40535598418,85638.7790622
733,366.866866867,34.8792772458,216.889133416,-2.39192932555,-4.42925913175,85674.5050846
734,367.367367367,34.9244749612,217.471413572,-2.39996565976,-4.45324266113,85710.2460113
735,367.867867868,34.9696663934,218.054447725,-2.40801456058,-4.47730669813,85746.0018484
736,368.368368368,35.0148515431,218.638235768,-2.41607602626,-4.50145136853,85781.7726022
737,368.868868869,35.0600304113,219.222777598,-2.42415005504,-4.52567679809,85817.558279
738,369.369369369,35.1052029987,219.80807311,-2.43223664518,-4.54998311255,85853.3588848
739,369.86986987,35.1503693064,220.394122199,-2.44033579494,-4.57437043765,85889.1744261
740,370.37037037,35.1955293351,220.98092476,-2.44844750257,-4.59883889909,85925.0049089
741,370.870870871,35.2406830858,221.568480688,-2.45657176632,-4.62338862257,85960.8503395
742,371.371371371,35.2858305593,222.15678988,-2.46470858444,-4.64801973375,85996.7107243
743,371.871871872,35.3309717565,222.745852229,-2.4728579552,-4.67273235831,86032.5860693
744,372.372372372,35.3761066782,223.335667631,-2.48101987685,-4.69752662187,86068.4763808
745,372.872872873,35.4212353253,223.926235982,-2.48919434764,-4.72240265005,86104.3816652
746,373.373373373,35.4663576988,224.517557177,-2.49738136583,-4.74736056847,86140.3019285
747,373.873873874,35.5114737994,225.109631111,-2.50558092968,-4.7724005027,86176.2371771
748,374.374374374,35.5565836281,225.70245768,-2.51379303743,-4.79752257832,86212.1874173
749,374.874874875,35.6016871857,226.296036779,-2.52201768735,-4.82272692086,86248.1526552
750,375.375375375,35.6467844731,226.890368303,-2.5302548777,-4.84801365587,86284.1328971
751,375.875875876,35.6918754911,227.485452148,-2.53850460672,-4.87338290886,86320.1281493
752,376.376376376,35.7369602407,228.081288209,-2.54676687268,-4.89883480532,86356.1384181
753,376.876876877,35.7820387226,228.677876382,-2.55504167384,-4.92436947073,86392.1637096
754,377.377377377,35.8271109379,229.275216562,-2.56332900844,-4.94998703056,86428.2040303
755,377.877877878,35.8721768873,229.873308645,-2.57162887476,-4.97568761024,86464.2593862
756,378.378378378,35.9172365717,230.472152526,-2.57994127104,-5.00147133519,86500.3297838
757,378.878878879,35.962289992,231.0717481,-2.58826619555,-5.02733833084,86536.4152292
758,379.379379379,36.007337149,231.672095264,-2.59660364654,-5.05328872256,86572.5157287
759,379.87987988,36.0523780437,232.273193911,-2.60495362227,-5.07932263573,86608.6312887
760,380.38038038,36.0974126769,232.87504394,-2.61331612101,-5.10544019569,86644.7619154
761,380.880880881,36.1424410494,233.477645243,-2.62169114101,-5.13164152779,86680.9076151
762,381.381381381,36.1874631622,234.080997718,-2.63007868052,-5.15792675735,86717.068394
763,381.881881882,36.2324790161,234.68510126,-2.63847873782,-5.18429600966,86753.2442585
764,382.382382382,36.277488612,235.289955764,-2.64689131116,-5.21074941,86789.4352148
765,382.882882883,36.3224919507,235.895561127,-2.6553163988,-5.23728708364,86825.6412692
766,383.383383383,36.3674890332,236.501917243,-2.66375399899,-5.26390915582,86861.8624281
767,383.883883884,36.4124798602,237.109024008,-2.67220411001,-5.29061575178,86898.0986976
768,384.384384384,36.4574644327,237.716881318,-2.68066673012,-5.31740699673,86934.3500842
769,384.884884885,36.5024427516,238.325489069,-2.68914185756,-5.34428301585,86970.6165941
770,385.385385385,36.5474148176,238.934847157,-2.69762949061,-5.37124393432,87006.8982336
771,385.885885886,36.5923806317,239.544955476,-2.70612962753,-5.3982898773,87043.1950091
772,386.386386386,36.6373401947,240.155813923,-2.71464226658,-5.42542096993,87079.5069267
773,386.886886887,36.6822935075,240.767422393,-2.72316740601,-5.45263733732,87115.8339929
774,387.387387387,36.727240571,241.379780783,-2.7317050441,-5.47993910459,87152.176214
775,387.887887888,36.7721813861,241.992888988,-2.74025517911,-5.50732639682,87188.5335962
776,388.388388388,36.8171159535,242.606746904,-2.7488178093,-5.53479933907,87224.906146
777,388.888888889,36.8620442743,243.221354426,-2.75739293292,-5.5623580564,87261.2938695
778,389.389389389,36.9069663492,243.83671145,-2.76598054826,-5.59000267383,87297.6967731
779,389.88988989,36.9518821791,244.452817873,-2.77458065356,-5.61773331639,87334.1148632
780,390.39039039,36.9967917648,245.06967359,-2.7831932471,-5.64555010906,87370.5481461
781,390.890890891,37.0416951074,245.687278496,-2.79181832713,-5.67345317683,87406.9966281
782,391.391391391,37.0865922075,246.305632489,-2.80045589192,-5.70144264466,87443.4603156
783,391.891891892,37.1314830662,246.924735463,-2.80910593975,-5.72951863748,87479.9392148
784,392.392392392,37.1763676842,247.544587314,-2.81776846886,-5.75768128023,87516.4333321
785,392.892892893,37.2212460624,248.165187939,-2.82644347753,-5.78593069781,87552.9426739
786,393.393393393,37.2661182017,248.786537233,-2.83513096402,-5.8142670151,87589.4672465
787,393.893893894,37.3109841029,249.408635093,-2.8438309266,-5.84269035699,87626.0070562
788,394.394394394,37.355843767,250.031481414,-2.85254336354,-5.87120084832,87662.5621094
789,394.894894895,37.4006971948,250.655076092,-2.86126827309,-5.89979861394,87699.1324124
790,395.395395395,37.4455443871,251.279419023,-2.87000565353,-5.92848377864,87735.7179716
791,395.895895896,37.4903853449,251.904510104,-2.87875550312,-5.95725646725,87772.3187934
792,396.396396396,37.5352200689,252.530349229,-2.88751782014,-5.98611680453,87808.9348841
793,396.896896897,37.5800485601,253.156936296,-2.89629260284,-6.01506491526,87845.56625
794,397.397397397,37.6248708193,253.784271201,-2.90507984949,-6.04410092417,87882.2128975
795,397.897897898,37.6696868474,254.412353838,-2.91387955837,-6.073224956,87918.874833
796,398.398398398,37.7144966453,255.041184105,-2.92269172773,-6.10243713545,87955.5520629
797,398.898898899,37.7593002138,255.670761898,-2.93151635586,-6.13173758722,87992.2445935
798,399.399399399,37.8040975538,256.301087112,-2.94035344101,-6.16112643599,88028.9524311
799,399.8998999,37.8488886661,256.932159644,-2.94920298146,-6.1906038064,88065.6755823
800,400.4004004,37.8936735516,257.56397939,-2.95806497547,-6.2201698231,88102.4140532
801,400.900900901,37.9384522113,258.196546246,-2.96693942131,-6.24982461071,88139.1678504
802,401.401401401,37.9832246458,258.829860108,-2.97582631726,-6.27956829384,88175.9369802
803,401.901901902,38.0279908562,259.463920873,-2.98472566158,-6.30940099705,88212.7214489
804,402.402402402,38.0727508433,260.098728436,-2.99363745254,-6.33932284494,88249.5212631
805,402.902902903,38.1175046079,260.734282694,-3.00256168841,-6.36933396203,88286.3364289
806,403.403403403,38.1622521509,261.370583543,-3.01149836747,-6.39943447287,88323.166953
807,403.903903904,38.2069934732,262.007630879,-3.02044748798,-6.42962450197,88360.0128415
808,404.404404404,38.2517285757,262.645424599,-3.02940904822,-6.45990417381,88396.874101
809,404.904904905,38.2964574591,263.283964598,-3.03838304645,-6.49027361289,88433.7507378
810,405.405405405,38.3411801244,263.923250773,-3.04736948095,-6.52073294366,88470.6427584
811,405.905905906,38.3858965724,264.563283021,-3.05636834998,-6.55128229056,88507.550169
812,406.406406406,38.430606804,265.204061238,-3.06537965183,-6.58192177802,88544.4729763
813,406.906906907,38.4753108201,265.845585319,-3.07440338476,-6.61265153044,88581.4111864
814,407.407407407,38.5200086215,266.487855162,-3.08343954704,-6.64347167221,88618.3648059
815,407.907907908,38.5647002091,267.130870662,-3.09248813695,-6.67438232769,88655.3338412
816,408.408408408,38.6093855838,267.774631717,-3.10154915277,-6.70538362125,88692.3182987
817,408.908908909,38.6540647463,268.419138222,-3.11062259275,-6.73647567722,88729.3181847
818,409.409409409,38.6987376977,269.064390074,-3.11970845519,-6.76765861991,88766.3335058
819,409.90990991,38.7434044386,269.710387169,-3.12880673834,-6.79893257362,88803.3642683
820,410.41041041,38.7880649701,270.357129404,-3.13791744049,-6.83029766263,88840.4104787
821,410.910910911,38.832719293,271.004616675,-3.1470405599,-6.86175401121,88877.4721434
822,411.411411411,38.877367408,271.652848879,-3.15617609486,-6.8933017436,88914.5492688
823,411.911911912,38.9220093162,272.301825911,-3.16532404364,-6.92494098402,88951.6418614
824,412.412412412,38.9666450183,272.95154767,-3.17448440451,-6.95667185669,88988.7499275
825,412.912912913,39.0112745152,273.60201405,-3.18365717575,-6.98849448579,89025.8734737
826,413.413413413,39.0558978078,274.253224949,-3.19284235563,-7.0204089955,89063.0125063
827,413.913913914,39.100514897,274.905180263,-3.20203994243,-7.05241550998,89100.1670318
828,414.414414414,39.1451257835,275.557879889,-3.21124993442,-7.08451415336,89137.3370567
829,414.914914915,39.1897304684,276.211323723,-3.22047232989,-7.11670504976,89174.5225874
830,415.415415415,39.2343289523,276.865511663,-3.2297071271,-7.14898832328,89211.7236303
831,415.915915916,39.2789212362,277.520443603,-3.23895432434,-7.18136409801,89248.9401919
832,416.416416416,39.323507321,278.176119442,-3.24821391987,-7.21383249801,89286.1722786
833,416.916916917,39.3680872075,278.832539075,-3.25748591198,-7.24639364733,89323.419897
834,417.417417417,39.4126608966,279.489702399,-3.26677029895,-7.27904767,89360.6830534
835,417.917917918,39.4572283891,280.147609312,-3.27606707905,-7.31179469003,89397.9617543
836,418.418418418,39.5017896859,280.806259709,-3.28537625057,-7.34463483142,89435.2560062
837,418.918918919,39.5463447878,281.465653488,-3.29469781177,-7.37756821813,89472.5658156
838,419.419419419,39.5908936958,282.125790545,-3.30403176093,-7.41059497414,89509.8911889
839,419.91991992,39.6354364106,282.786670776,-3.31337809635,-7.44371522337,89547.2321326
840,420.42042042,39.6799729332,283.448294079,-3.32273681628,-7.47692908975,89584.5886531
841,420.920920921,39.7245032644,284.11066035,-3.33210791902,-7.51023669719,89621.960757
842,421.421421421,39.769027405,284.773769486,-3.34149140285,-7.54363816956,89659.3484507
843,421.921921922,39.813545356,285.437621384,-3.35088726603,-7.57713363075,89696.7517407
844,422.422422422,39.8580571181,286.102215941,-3.36029550686,-7.6107232046,89734.1706334
845,422.922922923,39.9025626923,286.767553053,-3.36971612361,-7.64440701494,89771.6051355
846,423.423423423,39.9470620794,287.433632617,-3.37914911456,-7.67818518558,89809.0552532
847,423.923923924,39.9915552802,288.10045453,-3.388594478,-7.71205784033,89846.5209932
848,424.424424424,40.0360422956,288.768018689,-3.3980522122,-7.74602510296,89884.002362
849,424.924924925,40.0805231266,289.436324991,-3.40752231545,-7.78008709723,89921.4993659
850,425.425425425,40.1249977738,290.105373332,-3.41700478602,-7.81424394689,89959.0120116
851,425.925925926,40.1694662383,290.77516361,-3.4264996222,-7.84849577566,89996.5403055
852,426.426426426,40.2139285208,291.445695722,-3.43600682227,-7.88284270724,90034.0842541
853,426.926926927,40.2583846222,292.116969564,-3.44552638452,-7.91728486533,90071.643864
854,427.427427427,40.3028345434,292.788985033,-3.45505830722,-7.9518223736,90109.2191416
855,427.927927928,40.3472782853,293.461742026,-3.46460258865,-7.98645535569,90146.8100934
856,428.428428428,40.3917158486,294.135240441,-3.47415922711,-8.02118393525,90184.416726
857,428.928928929,40.4361472342,294.809480174,-3.48372822087,-8.05600823589,90222.0390458
858,429.429429429,40.4805724431,295.484461122,-3.49330956821,-8.09092838122,90259.6770595
859,429.92992993,40.5249914761,296.160183182,-3.50290326743,-8.1259444948,90297.3307734
860,430.43043043,40.5694043339,296.836646252,-3.5125093168,-8.16105670021,90335.0001942
861,430.930930931,40.6138110176,297.513850228,-3.5221277146,-8.19626512098,90372.6853283
862,431.431431431,40.6582115279,298.191795007,-3.53175845913,-8.23156988066,90410.3861822
863,431.931931932,40.7026058656,298.870480487,-3.54140154867,-8.26697110274,90448.1027626
864,432.432432432,40.7469940318,299.549906564,-3.5510569815,-8.30246891072,90485.8350759
865,432.932932933,40.7913760271,300.230073136,-3.5607247559,-8.33806342807,90523.5831287
866,433.433433433,40.8357518525,300.9109801,-3.57040487017,-8.37375477825,90561.3469274
867,433.933933934,40.8801215089,301.592627352,-3.58009732259,-8.40954308469,90599.1264787
868,434.434434434,40.924484997,302.275014791,-3.58980211144,-8.44542847082,90636.9217891
869,434.934934935,40.9688423178,302.958142313,-3.599519235,-8.48141106003,90674.7328651
870,435.435435435,41.013193472,303.642009815,-3.60924869158,-8.5174909757,90712.5597133
871,435.935935936,41.0575384606,304.326617195,-3.61899047945,-8.55366834122,90750.4023401
872,436.436436436,41.1018772856,305.011964214,-3.62874459462,-8.58994344262,90788.2608206
873,436.936936937,41.1462099469,305.698050876,-3.63851103717,-8.62631627602,90826.1351078
874,437.437437437,41.1905364451,306.384877103,-3.6482898058,-8.66278693463,90864.0251956
875,437.937937938,41.2348567812,307.072442791,-3.65808089879,-8.69935554181,90901.9310906
876,438.438438438,41.2791709559,307.760747839,-3.66788431444,-8.73602222091,90939.8527994
877,438.938938939,41.3234789701,308.449792143,-3.67770005102,-8.77278709526,90977.7903286
878,439.439439439,41.3677808248,309.139575601,-3.68752810683,-8.80965028819,91015.7436848
879,439.93993994,41.4120765207,309.830098109,-3.69736848016,-8.84661192297,91053.7128747
880,440.44044044,41.4563660587,310.521359566,-3.70722116929,-8.8836721229,91091.6979047
881,440.940940941,41.5006494396,311.213359868,-3.7170861725,-8.92083101123,91129.6987814
882,441.441441441,41.5449266644,311.906098913,-3.7269634881,-8.95808871121,91167.7155116
883,441.941941942,41.5891977338,312.599576598,-3.73685311436,-8.99544534607,91205.7481018
884,442.442442442,41.6334626487,313.293792821,-3.74675504958,-9.032901039,91243.7965587
885,442.942942943,41.67772141,313.988747478,-3.75666929204,-9.07045591321,91281.8608887
886,443.443443443,41.7219740186,314.684440467,-3.76659584004,-9.10811009187,91319.9410986
887,443.943943944,41.7662204752,315.380871686,-3.77653469186,-9.14586369813,91358.037195
888,444.444444444,41.8104607808,316.078041032,-3.78648584579,-9.18371685513,91396.1491845
889,444.944944945,41.8546949362,316.775948402,-3.79644930012,-9.22166968599,91434.2770737
890,445.445445445,41.8989229422,317.474593693,-3.80642505315,-9.25972231382,91472.4208692
891,445.945945946,41.9431447998,318.173976804,-3.81641310317,-9.29787486171,91510.5805777
892,446.446446446,41.9873605097,318.874097631,-3.82641344845,-9.33612745271,91548.7562057
893,446.946946947,42.0315700728,319.574956072,-3.83642608731,-9.37448020989,91586.9477601
894,447.447447447,42.07577349,320.276552024,-3.84645101801,-9.41293325628,91625.1552473
895,447.947947948,42.1199707621,320.978885386,-3.85648823887,-9.45148671489,91663.378674
896,448.448448448,42.16416189,321.681956054,-3.86653774817,-9.49014070872,91701.6180468
897,448.948948949,42.2083468745,322.385763926,-3.8765995442,-9.52889536075,91739.8733725
898,449.449449449,42.2525257166,323.090308899,-3.88667362525,-9.56775079395,91778.1446575
899,449.94994995,42.2966984169,323.795590872,-3.89675998962,-9.60670713126,91816.4319087
900,450.45045045,42.3408649765,324.501609741,-3.90685863559,-9.64576449561,91854.7351327
901,450.950950951,42.3850253961,325.208365404,-3.91696956147,-9.68492300992,91893.054336
902,451.451451451,42.4291796766,325.915857759,-3.92709276555,-9.72418279707,91931.3895254
903,451.951951952,42.4733278189,326.624086703,-3.93722824611,-9.76354397994,91969.7407075
904,452.452452452,42.5174698238,327.333052134,-3.94737600145,-9.8030066814,92008.107889
905,452.952952953,42.5616056921,328.04275395,-3.95753602987,-9.84257102428,92046.4910765
906,453.453453453,42.6057354248,328.753192048,-3.96770832966,-9.8822371314,92084.8902768
907,453.953953954,42.6498590226,329.464366326,-3.97789289912,-9.92200512557,92123.3054964
908,454.454454454,42.6939764864,330.176276682,-3.98808973653,-9.96187512959,92161.7367421
909,454.954954955,42.7380878171,330.888923013,-3.9982988402,-10.0018472662,92200.1840205
910,455.455455455,42.7821930156,331.602305217,-4.00852020841,-10.0419216582,92238.6473384
911,455.955955956,42.8262920826,332.316423192,-4.01875383947,-10.0820984283,92277.1267023
912,456.456456456,42.870385019,333.031276835,-4.02899973167,-10.1223776992,92315.622119
913,456.956956957,42.9144718258,333.746866044,-4.03925788331,-10.1627595936,92354.1335952
914,457.457457457,42.9585525036,334.463190717,-4.04952829267,-10.2032442343,92392.6611375
915,457.957957958,43.0026270535,335.180250752,-4.05981095807,-10.2438317438,92431.2047527
916,458.458458458,43.0466954762,335.898046047,-4.07010587778,-10.2845222448,92469.7644474
917,458.958958959,43.0907577726,336.616576499,-4.08041305012,-10.32531586,92508.3402284
918,459.459459459,43.1348139435,337.335842006,-4.09073247338,-10.3662127119,92546.9321022
919,459.95995996,43.1788639898,338.055842465,-4.10106414586,-10.4072129232,92585.5400757
920,460.46046046,43.2229079124,338.776577776,-4.11140806584,-10.4483166165,92624.1641556
921,460.960960961,43.266945712,339.498047836,-4.12176423164,-10.4895239142,92662.8043485
922,461.461461461,43.3109773896,340.220252542,-4.13213264155,-10.530834939,92701.4606611
923,461.961961962,43.355002946,340.943191793,-4.14251329386,-10.5722498134,92740.1331003
924,462.462462462,43.399022382,341.666865486,-4.15290618688,-10.6137686598,92778.8216726
925,462.962962963,43.4430356986,342.391273519,-4.1633113189,-10.6553916008,92817.5263848
926,463.463463463,43.4870428965,343.116415791,-4.17372868823,-10.6971187588,92856.2472436
927,463.963963964,43.5310439765,343.842292198,-4.18415829316,-10.7389502564,92894.9842557
928,464.464464464,43.5750389397,344.56890264,-4.19460013199,-10.7808862159,92933.737428
929,464.964964965,43.6190277867,345.296247015,-4.20505420302,-10.8229267597,92972.506767
930,465.465465465,43.6630105185,346.024325219,-4.21552050456,-10.8650720103,93011.2922795
931,465.965965966,43.7069871359,346.753137151,-4.22599903489,-10.9073220901,93050.0939723
932,466.466466466,43.7509576397,347.48268271,-4.23648979233,-10.9496771213,93088.9118521
933,466.966966967,43.7949220308,348.212961793,-4.24699277517,-10.9921372264,93127.7459257
934,467.467467467,43.8388803101,348.943974298,-4.25750798171,-11.0347025278,93166.5961997
935,467.967967968,43.8828324784,349.675720124,-4.26803541026,-11.0773731476,93205.4626809
936,468.468468468,43.9267785365,350.408199168,-4.27857505912,-11.1201492083,93244.3453761
937,468.968968969,43.9707184853,351.141411329,-4.28912692659,-11.163030832,93283.244292
938,469.469469469,44.0146523257,351.875356504,-4.29969101096,-11.2060181411,93322.1594353
939,469.96996997,44.0585800584,352.610034592,-4.31026731055,-11.2491112579,93361.0908129
940,470.47047047,44.1025016844,353.345445491,-4.32085582365,-11.2923103044,93400.0384314
941,470.970970971,44.1464172045,354.081589099,-4.33145654857,-11.335615403,93439.0022977
942,471.471471471,44.1903266196,354.818465314,-4.3420694836,-11.3790266758,93477.9824184
943,471.971971972,44.2342299304,355.556074035,-4.35269462706,-11.4225442451,93516.9788005
944,472.472472472,44.2781271378,356.29441516,-4.36333197725,-11.4661682329,93555.9914505
945,472.972972973,44.3220182428,357.033488586,-4.37398153247,-11.5098987614,93595.0203753
946,473.473473473,44.365903246,357.773294212,-4.38464329102,-11.5537359528,93634.0655817
947,473.973973974,44.4097821485,358.513831937,-4.39531725121,-11.5976799291,93673.1270764
948,474.474474474,44.453654951,359.255101658,-4.40600341134,-11.6417308124,93712.2048663
949,474.974974975,44.4975216543,359.997103275,-4.41670176972,-11.6858887249,93751.298958
950,475.475475475,44.5413822594,360.739836684,-4.42741232465,-11.7301537885,93790.4093584
951,475.975975976,44.5852367671,361.483301785,-4.43813507444,-11.7745261252,93829.5360743
952,476.476476476,44.6290851782,362.227498475,-4.44887001739,-11.8190058572,93868.6791124
953,476.976976977,44.6729274935,362.972426654,-4.4596171518,-11.8635931064,93907.8384796
954,477.477477477,44.716763714,363.71808622,-4.47037647599,-11.9082879948,93947.0141826
955,477.977977978,44.7605938404,364.46447707,-4.48114798826,-11.9530906444,93986.2062282
956,478.478478478,44.8044178736,365.211599103,-4.49193168692,-11.998001177,94025.4146233
957,478.978978979,44.8482358145,365.959452218,-4.50272757027,-12.0430197147,94064.6393745
958,479.479479479,44.8920476638,366.708036313,-4.51353563661,-12.0881463793,94103.8804888
959,479.97997998,44.9358534226,367.457351286,-4.52435588427,-12.1333812928,94143.137973
960,480.48048048,44.9796530915,368.207397036,-4.53518831153,-12.178724577,94182.4118338
961,480.980980981,45.0234466714,368.958173462,-4.54603291672,-12.2241763538,94221.702078
962,481.481481481,45.0672341633,369.709680461,-4.55688969813,-12.269736745,94261.0087125
963,481.981981982,45.1110155679,370.461917932,-4.56775865409,-12.3154058725,94300.3317441
964,482.482482482,45.154790886,371.214885775,-4.57863978288,-12.361183858,94339.6711795
965,482.982982983,45.1985601186,371.968583886,-4.58953308283,-12.4070708234,94379.0270257
966,483.483483483,45.2423232664,372.723012165,-4.60043855224,-12.4530668904,94418.3992895
967,483.983983984,45.2860803304,373.478170511,-4.61135618942,-12.4991721807,94457.7879776
968,484.484484484,45.3298313113,374.234058821,-4.62228599269,-12.5453868162,94497.1930969
969,484.984984985,45.37357621,374.990676995,-4.63322796034,-12.5917109186,94536.6146543
970,485.485485485,45.4173150274,375.748024931,-4.64418209069,-12.6381446094,94576.0526565
971,485.985985986,45.4610477643,376.506102528,-4.65514838205,-12.6846880105,94615.5071104
972,486.486486486,45.5047744215,377.264909683,-4.66612683273,-12.7313412435,94654.9780229
973,486.986986987,45.5484949999,378.024446297,-4.67711744103,-12.7781044301,94694.4654008
974,487.487487487,45.5922095003,378.784712267,-4.68812020528,-12.8249776918,94733.9692509
975,487.987987988,45.6359179236,379.545707492,-4.69913512378,-12.8719611503,94773.48958
976,488.488488488,45.6796202706,380.307431871,-4.71016219484,-12.9190549272,94813.0263951
977,488.988988989,45.7233165422,381.069885302,-4.72120141678,-12.966259144,94852.579703
978,489.489489489,45.7670067392,381.833067685,-4.7322527879,-13.0135739224,94892.1495105
979,489.98998999,45.8106908624,382.596978918,-4.74331630652,-13.0609993839,94931.7358245
980,490.49049049,45.8543689128,383.361618899,-4.75439197095,-13.10853565,94971.3386518
981,490.990990991,45.898040891,384.126987527,-4.7654797795,-13.1561828422,95010.9579994
982,491.491491491,45.9417067981,384.893084702,-4.77657973048,-13.203941082,95050.5938741
983,491.991991992,45.9853666348,385.659910321,-4.78769182221,-13.2518104909,95090.2462826
984,492.492492492,46.0290204019,386.427464285,-4.798816053,-13.2997911903,95129.9152321
985,492.992992993,46.0726681004,387.19574649,-4.80995242117,-13.3478833018,95169.6007292
986,493.493493493,46.116309731,387.964756837,-4.82110092502,-13.3960869466,95209.3027808
987,493.993993994,46.1599452946,388.734495224,-4.83226156287,-13.4444022462,95249.021394
988,494.494494494,46.2035747921,389.50496155,-4.84343433304,-13.492829322,95288.7565754
989,494.994994995,46.2471982243,390.276155714,-4.85461923384,-13.5413682954,95328.5083321
990,495.495495495,46.2908155919,391.048077615,-4.86581626358,-13.5900192878,95368.2766708
991,495.995995996,46.334426896,391.820727151,-4.87702542058,-13.6387824203,95408.0615986
992,496.496496496,46.3780321372,392.594104222,-4.88824670315,-13.6876578145,95447.8631222
993,496.996996997,46.4216313166,393.368208726,-4.89948010961,-13.7366455915,95487.6812486
994,497.497497497,46.4652244348,394.143040562,-4.91072563828,-13.7857458727,95527.5159846
995,497.997997998,46.5088114927,394.91859963,-4.92198328747,-13.8349587793,95567.3673372
996,498.498498498,46.5523924913,395.694885828,-4.93325305549,-13.8842844325,95607.2353133
997,498.998998999,46.5959674312,396.471899055,-4.94453494067,-13.9337229537,95647.1199198
998,499.499499499,46.6395363135,397.24963921,-4.95582894131,-13.983274464,95687.0211635
999,500.0,46.6830991388,398.028106192,-4.96713505574,-14.0329390845,95726.9390515
